date,ticker,open,high,low,close,volume
2023-01-02,AAPL,298.68,299.98,297.91,298.32,4455736
2023-01-03,AAPL,299.46,300.85,298.99,299.47,4842514
2023-01-04,AAPL,298.01,298.58,297.48,298.15,4797919
2023-01-05,AAPL,299.5,300.09,299.04,299.14,1045665
2023-01-06,AAPL,299.74,299.97,298.78,299.35,2635239
2023-01-09,AAPL,298.61,300.13,296.64,298.4,4567713
2023-01-10,AAPL,298.68,299.62,297.55,299.53,4453383
2023-01-11,AAPL,298.03,298.19,297.36,297.99,2052693
2023-01-12,AAPL,299.17,299.56,297.99,298.19,4497132
2023-01-13,AAPL,299.19,299.25,297.36,297.99,1561157
2023-01-16,AAPL,297.75,299.33,296.27,296.76,2342139
2023-01-17,AAPL,295.22,296.95,293.45,294.82,4645752
2023-01-18,AAPL,294.25,295.98,292.57,294.02,2372242
2023-01-19,AAPL,293.79,295.77,293.27,293.42,4841815
2023-01-20,AAPL,296.45,297.9,295.88,296.3,2079188
2023-01-23,AAPL,296.07,296.89,295.43,295.84,3635923
2023-01-24,AAPL,294.71,295.29,292.99,293.55,2819415
2023-01-25,AAPL,294.38,295.85,293.69,294.29,1610703
2023-01-26,AAPL,295.48,296.41,295.27,296.4,4544781
2023-01-27,AAPL,296.57,298.05,296.35,297.33,3208067
2023-01-30,AAPL,297.0,298.8,296.96,297.26,1534651
2023-01-31,AAPL,295.96,296.66,295.49,296.27,3188931
2023-02-01,AAPL,294.65,296.04,294.63,295.97,2689693
2023-02-02,AAPL,298.58,298.72,298.38,298.5,3611381
2023-02-03,AAPL,297.53,297.57,295.69,297.24,1535377
2023-02-06,AAPL,297.21,297.77,296.65,297.38,4687043
2023-02-07,AAPL,299.12,300.34,298.46,299.13,2820668
2023-02-08,AAPL,299.83,301.49,299.5,299.74,4514296
2023-02-09,AAPL,300.62,301.57,299.75,301.18,4193531
2023-02-10,AAPL,299.88,300.63,299.69,300.46,2751957
2023-02-13,AAPL,299.43,300.93,297.96,298.84,4482332
2023-02-14,AAPL,300.02,301.12,298.85,300.24,3902243
2023-02-15,AAPL,298.84,300.6,298.31,299.82,2303847
2023-02-16,AAPL,297.67,298.99,296.85,298.16,3369203
2023-02-17,AAPL,298.22,299.65,296.61,299.45,1435250
2023-02-20,AAPL,299.89,301.8,299.46,301.78,2562474
2023-02-21,AAPL,300.73,301.61,300.53,301.54,1648612
2023-02-22,AAPL,301.07,301.98,299.43,300.12,1513667
2023-02-23,AAPL,298.52,298.71,297.05,297.74,4478057
2023-02-24,AAPL,297.11,297.55,295.8,297.31,4716564
2023-02-27,AAPL,296.59,296.6,295.86,295.98,4626869
2023-02-28,AAPL,295.17,296.7,294.92,295.77,1289696
2023-03-01,AAPL,294.82,296.47,293.06,294.48,2910525
2023-03-02,AAPL,292.95,294.79,292.44,294.08,2804823
2023-03-03,AAPL,292.99,294.73,291.78,294.24,1343992
2023-03-06,AAPL,295.23,297.01,293.83,294.35,4567972
2023-03-07,AAPL,296.21,297.1,296.09,296.92,1239019
2023-03-08,AAPL,295.44,296.0,294.19,295.14,4832319
2023-03-09,AAPL,295.55,296.06,294.28,295.25,2067057
2023-03-10,AAPL,296.54,297.03,295.76,296.18,4293191
2023-03-13,AAPL,295.77,296.0,294.88,295.2,3089387
2023-03-14,AAPL,295.42,296.64,295.02,295.1,3532462
2023-03-15,AAPL,295.05,295.5,293.75,294.05,2621418
2023-03-16,AAPL,293.14,294.37,291.25,293.46,2609751
2023-03-17,AAPL,292.07,292.99,291.05,291.55,3198851
2023-03-20,AAPL,291.74,292.42,289.89,290.8,4589014
2023-03-21,AAPL,291.68,293.36,290.19,291.94,1785291
2023-03-22,AAPL,292.1,293.36,291.25,292.07,1048207
2023-03-23,AAPL,292.17,293.78,292.09,293.05,4217269
2023-03-24,AAPL,294.06,294.79,292.36,294.04,3538272
2023-03-27,AAPL,294.58,296.45,293.2,295.59,4453431
2023-03-28,AAPL,295.45,296.74,293.94,294.47,1407466
2023-03-29,AAPL,295.59,296.06,295.17,295.64,2738165
2023-03-30,AAPL,295.21,295.69,293.94,294.12,3253185
2023-03-31,AAPL,294.34,294.43,292.95,294.38,4321802
2023-04-03,AAPL,295.27,296.91,294.43,296.87,4212405
2023-04-04,AAPL,298.38,300.13,297.8,299.99,4895429
2023-04-05,AAPL,299.7,300.17,298.63,299.38,2210775
2023-04-06,AAPL,300.11,300.44,298.7,299.24,3841722
2023-04-07,AAPL,301.15,301.41,300.68,300.92,3594292
2023-04-10,AAPL,301.27,301.41,300.47,300.82,1386162
2023-04-11,AAPL,300.07,300.96,298.91,298.92,3706027
2023-04-12,AAPL,297.74,299.44,297.03,299.17,1423157
2023-04-13,AAPL,298.59,298.6,298.54,298.56,3475359
2023-04-14,AAPL,297.92,298.23,296.21,297.32,4699367
2023-04-17,AAPL,297.24,297.52,295.88,296.25,3526957
2023-04-18,AAPL,294.63,296.59,293.59,295.57,4892584
2023-04-19,AAPL,297.54,298.38,296.86,297.83,4599120
2023-04-20,AAPL,299.63,299.85,298.49,299.54,2093767
2023-04-21,AAPL,300.93,301.83,299.65,299.78,1562196
2023-04-24,AAPL,299.5,299.51,297.84,298.59,2656195
2023-04-25,AAPL,296.16,297.08,295.49,296.3,4567945
2023-04-26,AAPL,296.4,297.1,295.74,296.63,2009561
2023-04-27,AAPL,295.89,297.64,295.67,296.56,1884003
2023-04-28,AAPL,296.78,298.59,296.07,296.23,3234554
2023-05-01,AAPL,295.63,295.74,295.59,295.61,1267914
2023-05-02,AAPL,295.71,297.7,294.89,295.74,2249533
2023-05-03,AAPL,296.46,296.53,295.51,296.13,1614482
2023-05-04,AAPL,296.86,296.9,296.64,296.85,1043892
2023-05-05,AAPL,295.25,295.91,293.63,293.79,1690496
2023-05-08,AAPL,294.47,295.71,293.19,293.71,1165213
2023-05-09,AAPL,294.4,295.2,294.35,294.69,2754155
2023-05-10,AAPL,295.43,295.82,293.52,294.31,1554670
2023-05-11,AAPL,292.23,292.33,291.83,292.11,4222195
2023-05-12,AAPL,291.76,291.82,291.69,291.7,4363357
2023-05-15,AAPL,291.87,292.05,290.67,291.5,1830241
2023-05-16,AAPL,290.94,292.62,290.41,291.86,2477419
2023-05-17,AAPL,291.16,292.15,290.88,291.61,4720944
2023-05-18,AAPL,291.04,292.55,289.55,291.03,4688977
2023-05-19,AAPL,291.52,292.16,290.66,290.67,2235017
2023-05-22,AAPL,291.25,292.78,289.8,291.74,2352257
2023-05-23,AAPL,291.07,293.0,289.76,291.29,3990618
2023-05-24,AAPL,292.47,294.2,292.31,294.05,3547239
2023-05-25,AAPL,294.75,296.58,293.69,295.67,1414283
2023-05-26,AAPL,294.67,295.43,294.03,294.55,2421601
2023-05-29,AAPL,294.69,296.09,292.84,295.6,2708623
2023-05-30,AAPL,295.83,297.14,294.24,296.67,2292438
2023-05-31,AAPL,296.53,297.27,295.46,296.43,3072471
2023-06-01,AAPL,295.75,295.93,294.12,294.8,3696115
2023-06-02,AAPL,294.43,294.78,292.61,292.8,1086791
2023-06-05,AAPL,295.2,295.37,295.17,295.24,4520578
2023-06-06,AAPL,294.45,295.91,294.06,294.72,3860041
2023-06-07,AAPL,293.04,294.11,291.85,294.05,2171427
2023-06-08,AAPL,294.17,294.55,293.49,293.96,2960313
2023-06-09,AAPL,293.28,293.84,291.73,292.56,3457876
2023-06-12,AAPL,290.47,291.65,288.77,289.72,3409053
2023-06-13,AAPL,289.17,289.22,288.99,289.12,3367747
2023-06-14,AAPL,286.36,286.71,284.54,285.14,4373797
2023-06-15,AAPL,287.73,288.35,286.34,288.14,2514902
2023-06-16,AAPL,287.23,287.8,287.23,287.66,3104434
2023-06-19,AAPL,287.2,288.51,285.95,287.0,2546405
2023-06-20,AAPL,286.38,286.52,285.88,285.95,2050668
2023-06-21,AAPL,286.51,286.84,284.53,285.5,2770897
2023-06-22,AAPL,284.73,286.44,283.98,285.3,1566556
2023-06-23,AAPL,285.17,285.78,283.63,284.47,2750471
2023-06-26,AAPL,284.85,285.21,283.46,283.77,4707627
2023-06-27,AAPL,282.73,283.27,282.6,282.88,4807770
2023-06-28,AAPL,283.12,283.79,282.28,282.68,1848500
2023-06-29,AAPL,282.49,284.3,282.44,282.55,2907505
2023-06-30,AAPL,281.7,281.9,280.45,280.93,3341154
2023-07-03,AAPL,279.32,279.38,279.19,279.37,2195150
2023-07-04,AAPL,280.36,281.1,279.55,279.58,2710027
2023-07-05,AAPL,277.82,278.41,276.61,277.23,3853934
2023-07-06,AAPL,278.81,279.46,277.99,278.64,4206432
2023-07-07,AAPL,277.43,278.39,277.31,277.49,4761652
2023-07-10,AAPL,277.88,279.7,277.74,279.62,3139646
2023-07-11,AAPL,279.64,279.78,278.4,279.74,3242760
2023-07-12,AAPL,280.04,280.49,279.77,279.86,1211303
2023-07-13,AAPL,281.18,283.04,280.04,281.15,4744230
2023-07-14,AAPL,280.71,282.6,279.47,280.05,1395696
2023-07-17,AAPL,279.36,279.39,277.57,278.63,4605082
2023-07-18,AAPL,280.48,282.17,279.59,281.45,2512865
2023-07-19,AAPL,280.22,281.78,278.58,280.34,2408338
2023-07-20,AAPL,280.28,280.59,279.51,280.25,3209135
2023-07-21,AAPL,279.99,280.61,279.42,280.54,2787123
2023-07-24,AAPL,279.68,280.37,278.36,280.23,2195572
2023-07-25,AAPL,280.05,281.75,279.7,281.22,1518801
2023-07-26,AAPL,280.99,282.61,280.83,281.94,3919029
2023-07-27,AAPL,280.66,281.88,279.81,281.29,1806623
2023-07-28,AAPL,280.24,281.14,278.7,280.4,4456294
2023-07-31,AAPL,282.48,284.16,280.74,282.95,4321736
2023-08-01,AAPL,284.21,284.36,283.63,283.92,1310288
2023-08-02,AAPL,285.34,285.64,284.75,285.1,3032337
2023-08-03,AAPL,285.25,286.4,283.55,283.57,2440479
2023-08-04,AAPL,286.31,286.85,284.35,285.56,2158216
2023-08-07,AAPL,284.74,285.6,283.19,284.59,1841933
2023-08-08,AAPL,285.7,287.27,284.64,285.2,4393882
2023-08-09,AAPL,284.76,286.02,282.83,283.31,3474265
2023-08-10,AAPL,283.88,285.4,282.83,284.72,3799971
2023-08-11,AAPL,283.29,283.37,281.45,281.8,3711297
2023-08-14,AAPL,281.78,282.64,279.86,280.21,3126470
2023-08-15,AAPL,280.57,281.34,279.93,280.51,4988200
2023-08-16,AAPL,280.24,280.94,280.2,280.89,2355590
2023-08-17,AAPL,280.44,281.01,278.85,279.93,3745973
2023-08-18,AAPL,280.09,281.49,280.03,281.26,2809527
2023-08-21,AAPL,282.13,283.57,280.23,280.54,4445594
2023-08-22,AAPL,279.76,280.95,279.56,280.54,1487457
2023-08-23,AAPL,279.34,281.3,279.19,280.32,4387735
2023-08-24,AAPL,281.55,282.39,281.05,282.22,2577702
2023-08-25,AAPL,282.08,282.82,280.22,281.17,3175107
2023-08-28,AAPL,280.28,281.65,279.48,279.58,3951572
2023-08-29,AAPL,280.78,281.31,278.93,280.76,2736150
2023-08-30,AAPL,279.77,281.31,277.99,278.33,4666959
2023-08-31,AAPL,279.78,281.1,278.9,280.73,1878773
2023-09-01,AAPL,280.52,282.23,279.52,279.92,2932733
2023-09-04,AAPL,280.2,281.11,278.58,280.02,2158368
2023-09-05,AAPL,279.85,281.77,278.58,281.47,4588798
2023-09-06,AAPL,282.31,282.89,281.43,282.63,2382921
2023-09-07,AAPL,283.8,284.84,283.4,284.45,4235010
2023-09-08,AAPL,283.03,283.1,281.49,282.25,3496692
2023-09-11,AAPL,281.97,283.56,280.72,283.47,2053046
2023-09-12,AAPL,283.02,284.62,282.44,283.15,1682898
2023-09-13,AAPL,282.9,283.25,281.43,281.52,1843822
2023-09-14,AAPL,282.72,282.8,282.27,282.38,2027305
2023-09-15,AAPL,282.15,283.91,281.59,283.67,3557587
2023-09-18,AAPL,282.66,283.18,282.65,282.94,2622740
2023-09-19,AAPL,281.65,282.59,280.16,280.2,4738991
2023-09-20,AAPL,280.77,281.69,280.53,280.87,4414508
2023-09-21,AAPL,279.73,281.02,279.36,281.02,1668848
2023-09-22,AAPL,280.86,281.89,280.6,281.19,1350786
2023-09-25,AAPL,281.14,282.75,280.47,282.69,4524104
2023-09-26,AAPL,282.43,283.34,282.22,282.97,4880228
2023-09-27,AAPL,283.82,285.02,282.27,284.17,3039903
2023-09-28,AAPL,283.16,284.0,283.03,283.55,4116418
2023-09-29,AAPL,283.02,284.98,281.74,284.57,2290473
2023-10-02,AAPL,286.05,286.41,285.95,286.03,1860377
2023-10-03,AAPL,284.39,285.21,283.95,284.36,3910055
2023-10-04,AAPL,285.43,287.41,285.09,287.29,4789853
2023-10-05,AAPL,287.85,289.14,287.46,288.12,4961349
2023-10-06,AAPL,288.58,290.31,286.92,287.28,4854429
2023-10-09,AAPL,286.1,287.18,284.54,285.31,1653421
2023-10-10,AAPL,285.82,286.13,285.13,285.47,4931907
2023-10-11,AAPL,285.24,285.67,283.52,284.41,2274751
2023-10-12,AAPL,285.18,286.15,285.05,285.94,1734752
2023-10-13,AAPL,285.95,286.93,284.46,285.85,2577096
2023-10-16,AAPL,284.22,284.73,282.41,283.46,4025360
2023-10-17,AAPL,283.87,284.55,283.76,284.07,4270636
2023-10-18,AAPL,283.13,283.53,282.19,282.95,1449293
2023-10-19,AAPL,282.58,283.73,281.23,282.21,1417287
2023-10-20,AAPL,283.01,283.06,281.96,282.23,4814579
2023-10-23,AAPL,281.25,281.5,280.09,280.58,2294980
2023-10-24,AAPL,280.83,281.62,279.64,280.81,3960248
2023-10-25,AAPL,280.52,281.03,279.33,279.83,3360424
2023-10-26,AAPL,279.77,280.01,278.25,279.64,2683601
2023-10-27,AAPL,277.9,279.0,277.82,278.54,3088570
2023-10-30,AAPL,278.44,278.97,276.83,277.66,2703801
2023-10-31,AAPL,276.42,277.75,275.61,275.9,3549912
2023-11-01,AAPL,276.61,277.7,274.97,277.36,4108989
2023-11-02,AAPL,276.84,278.13,275.34,275.83,3542438
2023-11-03,AAPL,277.09,278.2,275.36,276.32,4221265
2023-11-06,AAPL,276.51,277.5,275.41,275.56,1172552
2023-11-07,AAPL,274.98,275.76,274.94,275.24,4069617
2023-11-08,AAPL,276.67,277.05,274.68,276.38,3611534
2023-11-09,AAPL,276.52,278.27,276.22,276.55,1845712
2023-11-10,AAPL,277.7,279.55,276.21,277.0,2340040
2023-11-13,AAPL,278.44,280.41,278.21,279.02,4524563
2023-11-14,AAPL,278.22,278.82,277.35,278.25,4844165
2023-11-15,AAPL,277.7,279.45,275.96,276.83,4891542
2023-11-16,AAPL,276.49,278.18,275.07,276.01,1393085
2023-11-17,AAPL,275.86,276.42,275.48,275.61,2791272
2023-11-20,AAPL,275.12,277.01,273.34,274.27,2446112
2023-11-21,AAPL,274.26,275.57,272.62,273.16,3289543
2023-11-22,AAPL,273.86,274.77,272.62,274.73,1318836
2023-11-23,AAPL,275.96,276.34,274.17,274.46,2297524
2023-11-24,AAPL,273.91,274.22,272.41,273.71,1485437
2023-11-27,AAPL,273.12,274.97,271.28,271.59,1802024
2023-11-28,AAPL,269.44,271.05,267.74,269.34,1646069
2023-11-29,AAPL,267.74,268.65,266.59,266.76,3964112
2023-11-30,AAPL,268.29,269.63,266.39,269.2,1415011
2023-12-01,AAPL,270.32,271.5,269.36,269.39,4875313
2023-12-04,AAPL,271.13,272.97,269.15,271.02,2423643
2023-12-05,AAPL,271.53,272.8,270.07,271.65,3437001
2023-12-06,AAPL,272.22,272.36,271.94,271.97,2299908
2023-12-07,AAPL,271.58,273.29,270.95,271.96,2384662
2023-12-08,AAPL,272.74,273.61,271.89,272.22,4682712
2023-12-11,AAPL,272.84,273.81,271.78,272.42,2755735
2023-12-12,AAPL,272.43,273.47,272.32,273.4,2780493
2023-12-13,AAPL,273.99,274.44,272.89,273.07,2495233
2023-12-14,AAPL,274.7,274.99,273.22,273.7,1460354
2023-12-15,AAPL,273.14,274.79,271.53,272.46,1054492
2023-12-18,AAPL,272.32,272.43,271.36,272.0,2192979
2023-12-19,AAPL,272.37,273.18,271.27,271.65,3899707
2023-12-20,AAPL,272.74,273.04,272.7,272.93,3109363
2023-12-21,AAPL,274.09,274.23,272.33,274.11,3173117
2023-12-22,AAPL,273.88,275.55,273.14,275.22,3408755
2023-12-25,AAPL,275.58,276.49,275.48,275.79,1936638
2023-12-26,AAPL,274.18,274.36,273.1,273.94,3400579
2023-12-27,AAPL,274.65,275.86,273.3,275.03,1569943
2023-12-28,AAPL,274.4,275.71,273.82,274.04,2735114
2023-12-29,AAPL,275.52,277.4,275.49,277.18,3840266
2023-01-02,MSFT,123.56,124.19,122.14,123.91,1711621
2023-01-03,MSFT,122.71,122.92,120.78,122.22,4747231
2023-01-04,MSFT,122.36,122.77,121.24,121.37,3583361
2023-01-05,MSFT,120.65,122.4,119.44,119.71,3467095
2023-01-06,MSFT,118.79,120.04,118.71,119.39,3555070
2023-01-09,MSFT,119.1,119.9,118.4,118.42,2163860
2023-01-10,MSFT,118.54,119.92,116.91,117.06,3788256
2023-01-11,MSFT,118.11,119.03,117.14,118.63,1338622
2023-01-12,MSFT,119.98,121.11,119.67,120.0,1518840
2023-01-13,MSFT,121.63,121.87,119.71,120.17,4695556
2023-01-16,MSFT,119.96,120.16,118.66,119.31,3672772
2023-01-17,MSFT,119.5,119.75,118.37,118.95,2533937
2023-01-18,MSFT,117.92,119.58,117.66,118.29,2434754
2023-01-19,MSFT,116.14,117.66,114.29,117.59,1171507
2023-01-20,MSFT,117.12,118.42,116.01,116.28,3614906
2023-01-23,MSFT,114.9,115.07,114.5,114.81,3555245
2023-01-24,MSFT,116.38,117.4,115.01,115.98,2598608
2023-01-25,MSFT,116.04,117.75,114.85,115.36,3948960
2023-01-26,MSFT,115.92,117.44,114.11,115.02,4439733
2023-01-27,MSFT,115.35,115.88,115.25,115.41,2675147
2023-01-30,MSFT,115.65,116.89,114.76,115.32,2329453
2023-01-31,MSFT,114.77,115.55,114.68,115.52,2268833
2023-02-01,MSFT,116.81,117.22,116.42,116.98,2959936
2023-02-02,MSFT,116.55,117.03,115.64,116.76,4353310
2023-02-03,MSFT,116.55,117.88,116.54,117.13,3332990
2023-02-06,MSFT,117.14,117.94,116.31,116.32,2000849
2023-02-07,MSFT,115.81,116.31,115.14,115.46,3884126
2023-02-08,MSFT,113.53,114.25,111.55,112.72,2143197
2023-02-09,MSFT,112.36,112.4,112.22,112.35,4359580
2023-02-10,MSFT,113.56,113.83,111.8,113.14,1295994
2023-02-13,MSFT,111.48,111.65,111.23,111.31,4188766
2023-02-14,MSFT,109.43,109.62,108.22,108.58,4274072
2023-02-15,MSFT,109.46,110.62,107.5,110.19,4215451
2023-02-16,MSFT,112.0,113.12,110.38,111.7,4722320
2023-02-17,MSFT,111.86,113.13,111.03,112.1,4488736
2023-02-20,MSFT,112.51,113.99,111.86,112.35,3659175
2023-02-21,MSFT,112.8,114.13,111.01,113.56,3550938
2023-02-22,MSFT,112.47,114.17,112.27,114.11,4041959
2023-02-23,MSFT,115.05,115.92,113.18,115.81,4181340
2023-02-24,MSFT,114.93,114.98,113.94,114.93,4129873
2023-02-27,MSFT,116.39,116.44,116.24,116.38,2635434
2023-02-28,MSFT,115.19,116.25,115.12,115.23,2961821
2023-03-01,MSFT,115.85,117.6,113.9,113.94,1446893
2023-03-02,MSFT,113.37,114.5,112.6,114.5,1176218
2023-03-03,MSFT,113.94,115.21,113.9,114.74,4118035
2023-03-06,MSFT,114.99,115.44,114.32,115.11,4858896
2023-03-07,MSFT,112.83,113.13,111.08,112.63,4077006
2023-03-08,MSFT,114.24,115.26,112.82,112.94,2568674
2023-03-09,MSFT,112.19,112.19,111.73,111.96,3236200
2023-03-10,MSFT,111.19,112.6,109.54,112.31,4951118
2023-03-13,MSFT,112.22,113.89,112.12,112.6,1852394
2023-03-14,MSFT,113.39,114.26,112.67,113.21,4294691
2023-03-15,MSFT,111.45,113.02,110.28,110.68,3232927
2023-03-16,MSFT,109.44,110.76,107.94,110.41,4728296
2023-03-17,MSFT,110.29,110.59,108.48,109.26,1677879
2023-03-20,MSFT,109.84,111.01,108.86,110.73,2147150
2023-03-21,MSFT,109.36,110.37,107.72,108.75,2105661
2023-03-22,MSFT,107.92,109.14,106.18,106.57,1079524
2023-03-23,MSFT,104.8,106.51,102.99,104.18,1590720
2023-03-24,MSFT,104.32,104.39,103.79,104.06,2311563
2023-03-27,MSFT,104.58,105.98,103.42,104.12,4855164
2023-03-28,MSFT,103.02,103.19,102.92,103.14,2632636
2023-03-29,MSFT,103.75,104.42,102.27,103.85,4226938
2023-03-30,MSFT,104.64,104.96,103.21,104.77,3676717
2023-03-31,MSFT,105.32,106.43,103.96,106.05,1936767
2023-04-03,MSFT,105.88,107.31,105.65,107.27,1758364
2023-04-04,MSFT,108.08,108.35,106.87,107.22,1341249
2023-04-05,MSFT,106.92,108.28,104.96,107.54,3868658
2023-04-06,MSFT,108.16,108.54,106.58,107.76,3732801
2023-04-07,MSFT,106.29,106.46,105.39,106.03,4146885
2023-04-10,MSFT,105.21,105.84,103.23,104.56,1605033
2023-04-11,MSFT,103.83,104.32,102.96,103.85,1871017
2023-04-12,MSFT,103.23,104.81,102.99,104.35,2309950
2023-04-13,MSFT,102.59,103.49,101.41,103.39,2978941
2023-04-14,MSFT,103.22,104.08,101.54,102.67,1734634
2023-04-17,MSFT,100.47,100.49,100.02,100.29,1354555
2023-04-18,MSFT,99.97,100.86,98.34,99.68,1242489
2023-04-19,MSFT,98.0,98.08,97.57,97.79,2169927
2023-04-20,MSFT,97.49,98.07,96.19,97.56,2904317
2023-04-21,MSFT,99.04,100.84,99.02,99.44,2944685
2023-04-24,MSFT,99.9,100.52,98.84,99.18,2888628
2023-04-25,MSFT,99.71,100.22,98.35,99.87,2799558
2023-04-26,MSFT,100.66,101.59,100.5,100.8,4914473
2023-04-27,MSFT,101.04,101.86,100.79,100.83,3135715
2023-04-28,MSFT,101.32,103.16,100.66,102.67,4593396
2023-05-01,MSFT,102.73,104.45,102.17,103.92,3048521
2023-05-02,MSFT,105.24,105.42,103.43,104.45,1204016
2023-05-03,MSFT,102.95,104.32,102.85,104.17,3207643
2023-05-04,MSFT,103.27,104.95,101.6,104.27,2289819
2023-05-05,MSFT,104.56,104.79,102.64,104.72,2567727
2023-05-08,MSFT,103.92,105.42,103.84,104.71,3613018
2023-05-09,MSFT,105.9,106.36,105.18,106.34,3073721
2023-05-10,MSFT,106.94,107.67,106.76,107.47,1123293
2023-05-11,MSFT,106.47,107.66,105.74,106.69,2851399
2023-05-12,MSFT,105.31,106.44,104.95,105.2,3760701
2023-05-15,MSFT,105.66,105.95,103.99,104.44,1703127
2023-05-16,MSFT,103.38,103.69,103.34,103.56,1668079
2023-05-17,MSFT,103.78,104.96,101.96,103.99,2249022
2023-05-18,MSFT,106.09,107.97,104.99,105.06,1683676
2023-05-19,MSFT,104.85,105.79,103.36,104.37,3989211
2023-05-22,MSFT,103.94,105.45,103.75,104.91,3894559
2023-05-23,MSFT,104.52,106.15,103.12,104.99,4233486
2023-05-24,MSFT,104.46,105.78,103.42,103.52,4794003
2023-05-25,MSFT,103.12,105.05,101.29,103.55,4861002
2023-05-26,MSFT,105.77,106.17,105.65,105.68,2484558
2023-05-29,MSFT,104.73,106.52,103.16,103.18,2909247
2023-05-30,MSFT,102.74,104.02,101.59,102.71,1296782
2023-05-31,MSFT,101.24,102.72,101.16,102.29,2578153
2023-06-01,MSFT,100.7,101.41,98.85,100.41,2395456
2023-06-02,MSFT,100.56,102.07,99.36,101.26,1800982
2023-06-05,MSFT,101.87,103.4,100.97,101.2,3622626
2023-06-06,MSFT,100.26,100.48,98.66,100.14,3097603
2023-06-07,MSFT,98.78,100.14,97.09,97.3,1551039
2023-06-08,MSFT,96.21,97.07,95.91,96.9,4151673
2023-06-09,MSFT,98.02,98.5,97.55,98.39,3851963
2023-06-12,MSFT,98.03,98.27,97.46,97.65,1482150
2023-06-13,MSFT,97.24,98.31,95.72,96.53,3549749
2023-06-14,MSFT,97.57,97.98,96.06,96.81,4866637
2023-06-15,MSFT,96.77,97.91,95.75,97.5,2579793
2023-06-16,MSFT,97.55,97.84,96.4,97.32,1619743
2023-06-19,MSFT,98.4,100.1,97.55,98.43,3247505
2023-06-20,MSFT,99.48,100.49,97.94,98.76,4278681
2023-06-21,MSFT,98.47,100.33,98.24,100.27,3809163
2023-06-22,MSFT,100.37,100.86,99.27,99.65,4523531
2023-06-23,MSFT,100.21,100.74,98.84,100.21,2372057
2023-06-26,MSFT,99.86,100.77,98.79,100.33,2784102
2023-06-27,MSFT,98.21,98.61,98.0,98.27,4569169
2023-06-28,MSFT,96.49,96.86,94.93,95.26,2440250
2023-06-29,MSFT,95.98,96.35,94.65,94.92,1198923
2023-06-30,MSFT,95.72,96.95,94.44,94.61,3132086
2023-07-03,MSFT,95.47,95.82,95.33,95.45,4504755
2023-07-04,MSFT,96.31,96.37,94.86,95.65,1713255
2023-07-05,MSFT,96.25,96.62,95.36,95.39,3582549
2023-07-06,MSFT,93.77,94.19,92.53,94.11,4694041
2023-07-07,MSFT,94.73,95.03,93.26,93.91,4026822
2023-07-10,MSFT,94.47,96.46,92.92,94.36,1994076
2023-07-11,MSFT,96.13,97.91,95.37,97.79,1587953
2023-07-12,MSFT,98.07,98.8,97.34,98.64,2549785
2023-07-13,MSFT,98.77,99.99,98.19,99.94,2258301
2023-07-14,MSFT,100.7,102.34,98.9,101.3,4397147
2023-07-17,MSFT,100.17,100.41,99.41,99.77,1468085
2023-07-18,MSFT,100.57,101.2,99.7,100.98,4615201
2023-07-19,MSFT,100.9,101.23,99.05,99.89,2943048
2023-07-20,MSFT,100.21,101.92,98.97,100.95,3609555
2023-07-21,MSFT,100.56,101.26,98.99,100.31,1488357
2023-07-24,MSFT,100.83,101.97,99.89,100.7,4564199
2023-07-25,MSFT,100.54,102.45,99.19,100.35,2248599
2023-07-26,MSFT,98.88,100.09,97.24,99.26,2326605
2023-07-27,MSFT,98.83,100.67,98.45,99.69,1940179
2023-07-28,MSFT,99.23,100.26,98.78,99.14,1852373
2023-07-31,MSFT,99.93,101.06,98.36,99.53,4703540
2023-08-01,MSFT,99.48,100.02,99.22,99.82,3099317
2023-08-02,MSFT,101.09,102.18,99.66,101.27,1908855
2023-08-03,MSFT,100.17,102.16,98.57,98.99,1768157
2023-08-04,MSFT,99.03,100.96,98.89,100.72,2392576
2023-08-07,MSFT,100.8,101.58,100.08,100.62,3749375
2023-08-08,MSFT,99.56,99.82,97.67,98.75,4867505
2023-08-09,MSFT,100.58,102.39,100.07,101.0,4136241
2023-08-10,MSFT,97.66,98.51,95.83,96.18,2642436
2023-08-11,MSFT,95.86,96.06,95.78,95.84,4426335
2023-08-14,MSFT,95.43,97.43,94.15,95.75,2756355
2023-08-15,MSFT,95.38,95.95,94.55,95.1,3614854
2023-08-16,MSFT,94.18,94.4,92.61,92.86,1979007
2023-08-17,MSFT,94.32,95.8,93.03,93.45,2183533
2023-08-18,MSFT,92.68,94.03,92.47,92.64,4439900
2023-08-21,MSFT,92.53,93.31,92.25,93.14,4949439
2023-08-22,MSFT,94.13,95.22,92.88,94.76,4240857
2023-08-23,MSFT,94.41,95.31,94.18,95.04,3136065
2023-08-24,MSFT,95.86,95.9,95.22,95.81,2988961
2023-08-25,MSFT,95.11,96.86,93.61,93.97,2735382
2023-08-28,MSFT,93.68,93.91,91.95,92.6,4616112
2023-08-29,MSFT,91.44,91.59,90.94,91.25,4778534
2023-08-30,MSFT,92.17,93.64,92.0,92.32,4049486
2023-08-31,MSFT,91.78,93.41,90.57,93.01,4764367
2023-09-01,MSFT,92.84,93.0,91.57,91.61,1733680
2023-09-04,MSFT,92.92,93.78,91.65,91.9,1009443
2023-09-05,MSFT,91.77,92.77,90.59,92.37,3872508
2023-09-06,MSFT,90.71,92.47,90.52,91.7,2500126
2023-09-07,MSFT,92.28,92.84,92.12,92.42,3294284
2023-09-08,MSFT,92.91,94.28,92.62,93.56,4666237
2023-09-11,MSFT,92.66,93.96,90.98,92.08,2299492
2023-09-12,MSFT,92.16,92.93,90.9,92.88,2360041
2023-09-13,MSFT,90.43,91.67,89.15,89.59,2127826
2023-09-14,MSFT,88.5,90.11,87.21,87.78,2811067
2023-09-15,MSFT,86.0,87.3,84.08,85.38,1119520
2023-09-18,MSFT,85.86,87.75,84.34,86.15,2459689
2023-09-19,MSFT,86.36,86.65,86.15,86.15,3492697
2023-09-20,MSFT,85.55,86.33,85.4,85.7,4309469
2023-09-21,MSFT,86.25,87.2,84.33,86.69,1822176
2023-09-22,MSFT,86.84,87.03,86.35,86.76,2513906
2023-09-25,MSFT,85.61,85.97,84.26,84.93,3842375
2023-09-26,MSFT,85.61,86.32,83.84,84.05,2457952
2023-09-27,MSFT,83.54,85.47,81.63,82.88,3066736
2023-09-28,MSFT,82.77,83.27,82.77,82.78,3332680
2023-09-29,MSFT,83.36,85.36,83.19,85.12,3326508
2023-10-02,MSFT,84.02,84.81,82.76,83.02,4416323
2023-10-03,MSFT,84.56,85.99,84.49,84.64,4361023
2023-10-04,MSFT,85.03,86.51,84.66,85.08,1211620
2023-10-05,MSFT,86.19,88.11,85.31,87.87,2607079
2023-10-06,MSFT,87.33,88.49,87.0,87.53,4226730
2023-10-09,MSFT,86.99,87.0,86.46,86.95,2299903
2023-10-10,MSFT,88.74,90.53,87.74,89.53,2182682
2023-10-11,MSFT,91.17,92.29,91.01,91.17,1645941
2023-10-12,MSFT,90.15,90.33,89.78,90.21,3356110
2023-10-13,MSFT,90.81,91.27,89.89,90.92,3579645
2023-10-16,MSFT,90.55,90.58,89.46,89.73,2861207
2023-10-17,MSFT,89.06,89.43,88.42,89.29,1546071
2023-10-18,MSFT,89.0,89.53,88.7,89.29,3950025
2023-10-19,MSFT,89.47,91.24,87.79,91.2,3152986
2023-10-20,MSFT,94.42,96.26,94.39,95.47,4804516
2023-10-23,MSFT,94.98,95.05,93.2,94.08,4396826
2023-10-24,MSFT,94.76,95.89,94.04,94.49,3433571
2023-10-25,MSFT,96.47,96.67,95.19,95.5,1828565
2023-10-26,MSFT,96.75,97.05,95.15,95.86,4338951
2023-10-27,MSFT,99.1,100.17,98.21,100.16,2370612
2023-10-30,MSFT,99.93,100.41,98.44,98.95,4939547
2023-10-31,MSFT,99.53,100.79,98.72,100.57,3906762
2023-11-01,MSFT,99.77,99.89,97.99,99.45,1966028
2023-11-02,MSFT,99.28,100.82,98.15,99.62,1009973
2023-11-03,MSFT,99.85,100.74,98.08,98.81,2331403
2023-11-06,MSFT,96.19,97.73,95.85,96.83,4110580
2023-11-07,MSFT,98.44,100.35,97.75,100.28,2367051
2023-11-08,MSFT,100.46,101.24,99.5,99.92,1964004
2023-11-09,MSFT,99.76,101.56,99.4,101.01,2003744
2023-11-10,MSFT,102.08,103.94,100.31,102.43,1619335
2023-11-13,MSFT,102.88,102.98,101.64,102.26,1440064
2023-11-14,MSFT,103.15,103.44,102.95,103.33,1587401
2023-11-15,MSFT,105.38,106.46,104.92,105.9,2384863
2023-11-16,MSFT,106.75,107.53,105.08,107.35,3570605
2023-11-17,MSFT,107.56,107.82,106.99,107.51,3853178
2023-11-20,MSFT,106.88,106.88,105.64,105.68,2604090
2023-11-21,MSFT,105.53,107.04,103.79,105.74,2309532
2023-11-22,MSFT,105.38,105.59,104.95,105.23,2423286
2023-11-23,MSFT,106.03,106.76,104.17,105.68,3429119
2023-11-24,MSFT,104.74,106.34,103.59,103.84,4866174
2023-11-27,MSFT,104.56,104.68,104.23,104.53,2686625
2023-11-28,MSFT,103.02,103.96,102.19,102.35,3948107
2023-11-29,MSFT,103.38,104.36,102.3,102.76,2889553
2023-11-30,MSFT,101.12,101.77,99.74,100.79,3489470
2023-12-01,MSFT,99.47,100.15,98.06,99.27,3220431
2023-12-04,MSFT,98.56,99.69,98.1,98.88,4599435
2023-12-05,MSFT,99.21,99.23,97.74,98.48,4583684
2023-12-06,MSFT,99.82,100.78,98.45,98.97,3821567
2023-12-07,MSFT,99.43,101.32,98.18,98.8,1882841
2023-12-08,MSFT,98.43,100.26,97.56,98.54,4396371
2023-12-11,MSFT,96.7,98.69,96.27,97.61,3603290
2023-12-12,MSFT,95.24,96.31,93.6,94.64,1013801
2023-12-13,MSFT,94.2,96.1,92.81,95.71,1147229
2023-12-14,MSFT,95.47,96.97,94.59,96.33,1456219
2023-12-15,MSFT,95.3,96.86,94.02,95.82,4204484
2023-12-18,MSFT,96.8,97.79,95.81,96.14,2466432
2023-12-19,MSFT,97.36,98.52,96.78,98.11,4949011
2023-12-20,MSFT,97.62,97.66,96.68,97.51,1332843
2023-12-21,MSFT,96.52,96.72,96.2,96.28,4635857
2023-12-22,MSFT,95.34,96.88,94.34,95.06,1780866
2023-12-25,MSFT,94.2,94.71,93.46,93.88,1761055
2023-12-26,MSFT,94.11,94.93,93.51,94.81,2817475
2023-12-27,MSFT,96.45,96.99,95.45,95.93,4315550
2023-12-28,MSFT,96.47,96.55,95.12,95.55,2463935
2023-12-29,MSFT,95.83,96.85,94.77,94.91,1932804
2023-01-02,GOOG,135.01,135.87,133.56,135.7,1930539
2023-01-03,GOOG,134.4,135.58,132.77,133.24,3285978
2023-01-04,GOOG,134.85,135.35,134.02,134.03,3833406
2023-01-05,GOOG,135.12,135.99,134.25,135.91,2334860
2023-01-06,GOOG,137.16,137.95,136.75,137.38,4541212
2023-01-09,GOOG,136.86,137.0,136.18,136.84,2965259
2023-01-10,GOOG,134.46,134.66,133.51,133.67,4856516
2023-01-11,GOOG,133.89,135.08,133.48,135.01,2342031
2023-01-12,GOOG,134.85,136.67,134.32,135.54,3792467
2023-01-13,GOOG,136.73,138.38,135.38,135.47,4373109
2023-01-16,GOOG,135.53,136.36,134.47,134.52,1556678
2023-01-17,GOOG,134.65,136.07,134.23,136.0,1168709
2023-01-18,GOOG,138.55,139.17,137.52,139.08,4066912
2023-01-19,GOOG,137.42,138.77,137.18,138.32,2986116
2023-01-20,GOOG,139.2,141.03,138.2,139.62,3398846
2023-01-23,GOOG,140.83,142.14,139.32,139.78,2188052
2023-01-24,GOOG,139.66,140.61,139.06,140.61,3794036
2023-01-25,GOOG,141.95,143.05,141.6,142.18,1161494
2023-01-26,GOOG,141.49,142.12,141.11,141.62,3227328
2023-01-27,GOOG,141.11,141.93,139.53,141.71,4470513
2023-01-30,GOOG,141.13,141.84,140.75,141.44,2022951
2023-01-31,GOOG,141.77,142.96,139.86,142.36,4360146
2023-02-01,GOOG,140.24,140.53,138.28,138.84,2602036
2023-02-02,GOOG,137.75,138.01,137.27,137.45,3122402
2023-02-03,GOOG,136.1,137.8,135.63,136.13,1607658
2023-02-06,GOOG,135.65,135.69,135.11,135.3,4637253
2023-02-07,GOOG,134.04,135.6,133.98,134.81,2062671
2023-02-08,GOOG,134.7,135.39,133.94,135.06,3233820
2023-02-09,GOOG,134.05,135.78,133.63,134.0,2442790
2023-02-10,GOOG,133.75,134.39,132.62,133.86,3568795
2023-02-13,GOOG,133.63,133.86,132.01,133.44,4411904
2023-02-14,GOOG,132.95,133.37,131.32,132.65,2312834
2023-02-15,GOOG,133.63,133.91,132.12,133.44,2452536
2023-02-16,GOOG,132.91,134.54,132.49,134.23,4600388
2023-02-17,GOOG,134.22,135.54,132.46,134.72,1228469
2023-02-20,GOOG,135.03,135.82,134.81,134.91,2351156
2023-02-21,GOOG,133.34,134.2,132.33,133.99,3576270
2023-02-22,GOOG,133.63,134.44,133.51,133.56,4395958
2023-02-23,GOOG,133.23,134.98,131.91,133.88,4341023
2023-02-24,GOOG,134.34,134.8,133.67,134.42,1310681
2023-02-27,GOOG,133.56,133.63,133.05,133.21,2712233
2023-02-28,GOOG,132.84,133.86,130.95,131.92,3812139
2023-03-01,GOOG,132.63,134.21,132.01,132.3,4482956
2023-03-02,GOOG,132.78,134.02,131.02,132.85,4911419
2023-03-03,GOOG,132.52,133.91,131.92,132.02,4679044
2023-03-06,GOOG,132.41,133.71,131.14,131.93,2223747
2023-03-07,GOOG,130.66,131.25,129.06,129.32,2337667
2023-03-08,GOOG,130.24,131.33,129.78,130.42,3074122
2023-03-09,GOOG,129.75,130.98,129.3,130.42,3038122
2023-03-10,GOOG,131.52,132.41,130.47,131.44,2196067
2023-03-13,GOOG,131.26,131.68,131.17,131.53,4491887
2023-03-14,GOOG,131.04,131.46,129.17,130.16,1967042
2023-03-15,GOOG,130.15,130.36,128.36,129.83,2273573
2023-03-16,GOOG,128.79,130.0,128.5,129.19,3270648
2023-03-17,GOOG,128.73,129.51,127.39,128.02,3812883
2023-03-20,GOOG,127.31,127.59,126.43,126.92,1424990
2023-03-21,GOOG,126.97,128.18,126.69,127.13,4959374
2023-03-22,GOOG,125.24,126.68,124.26,124.84,3750913
2023-03-23,GOOG,125.39,126.53,124.8,125.55,1350826
2023-03-24,GOOG,125.84,127.26,124.84,124.87,3489308
2023-03-27,GOOG,124.25,125.7,124.0,125.5,3714730
2023-03-28,GOOG,125.41,126.26,125.15,125.58,4771134
2023-03-29,GOOG,126.71,128.64,125.66,128.0,4849145
2023-03-30,GOOG,128.15,128.55,127.29,128.08,4008212
2023-03-31,GOOG,128.08,130.05,126.86,128.12,3801045
2023-04-03,GOOG,129.6,130.27,129.04,129.53,2543015
2023-04-04,GOOG,130.2,131.3,129.21,130.26,2368304
2023-04-05,GOOG,130.38,131.81,128.59,130.43,1142416
2023-04-06,GOOG,131.06,132.49,129.63,130.78,1557931
2023-04-07,GOOG,128.93,129.62,127.62,129.6,3808283
2023-04-10,GOOG,129.03,130.98,128.53,128.8,2315442
2023-04-11,GOOG,128.4,129.12,127.8,128.0,4969858
2023-04-12,GOOG,128.83,130.71,127.78,130.18,3424731
2023-04-13,GOOG,128.87,129.89,128.66,128.94,1319385
2023-04-14,GOOG,128.28,129.61,127.31,129.22,4148856
2023-04-17,GOOG,130.08,132.01,129.77,129.78,1046130
2023-04-18,GOOG,130.5,131.9,130.08,131.59,2380044
2023-04-19,GOOG,131.31,133.02,129.95,132.41,2095944
2023-04-20,GOOG,132.84,133.66,131.68,133.5,2380580
2023-04-21,GOOG,133.89,134.42,132.23,133.5,3869872
2023-04-24,GOOG,132.89,133.3,131.57,132.7,4623212
2023-04-25,GOOG,132.14,133.89,130.4,130.52,2873978
2023-04-26,GOOG,131.91,132.89,131.74,132.33,1818152
2023-04-27,GOOG,132.88,134.59,131.81,133.11,4093678
2023-04-28,GOOG,132.65,133.43,132.23,132.86,1425247
2023-05-01,GOOG,133.2,133.48,132.48,133.05,3890841
2023-05-02,GOOG,132.92,133.13,132.71,132.81,4066853
2023-05-03,GOOG,132.66,133.32,131.09,131.79,4344629
2023-05-04,GOOG,131.46,132.63,130.36,130.89,1343021
2023-05-05,GOOG,130.58,131.5,129.03,130.1,3733951
2023-05-08,GOOG,130.82,130.99,128.98,130.87,1935565
2023-05-09,GOOG,131.78,133.0,129.86,130.4,4801444
2023-05-10,GOOG,131.24,132.59,129.31,132.13,4313332
2023-05-11,GOOG,132.16,132.36,131.35,131.38,4290363
2023-05-12,GOOG,130.8,132.22,129.97,131.27,2230029
2023-05-15,GOOG,131.72,132.09,130.39,131.31,3962762
2023-05-16,GOOG,129.65,130.4,128.82,128.85,1386562
2023-05-17,GOOG,127.8,128.37,126.94,127.65,2050063
2023-05-18,GOOG,126.85,128.32,126.14,126.9,2709294
2023-05-19,GOOG,127.2,127.96,127.1,127.18,4085342
2023-05-22,GOOG,127.37,127.89,126.82,127.66,4795961
2023-05-23,GOOG,129.21,130.06,128.25,129.11,4703756
2023-05-24,GOOG,128.99,129.98,127.8,129.81,3490322
2023-05-25,GOOG,132.02,132.21,130.69,131.32,1486174
2023-05-26,GOOG,130.79,131.86,129.24,131.21,3314974
2023-05-29,GOOG,133.81,135.47,133.41,134.89,4016127
2023-05-30,GOOG,135.58,137.25,134.04,136.68,3275356
2023-05-31,GOOG,136.61,137.41,135.44,136.83,2977937
2023-06-01,GOOG,135.33,137.3,133.51,136.13,1596386
2023-06-02,GOOG,137.17,137.36,135.22,135.81,3310634
2023-06-05,GOOG,135.91,136.6,134.4,134.97,2865071
2023-06-06,GOOG,133.52,134.62,131.9,133.95,3269076
2023-06-07,GOOG,134.49,135.01,133.69,133.72,4856234
2023-06-08,GOOG,135.04,136.03,134.56,134.9,4700503
2023-06-09,GOOG,135.59,137.18,134.98,136.99,2020723
2023-06-12,GOOG,137.42,137.44,137.3,137.42,4799456
2023-06-13,GOOG,137.47,138.91,136.78,136.83,2849849
2023-06-14,GOOG,136.43,136.55,135.04,135.81,2378017
2023-06-15,GOOG,134.33,134.77,133.11,134.34,1566292
2023-06-16,GOOG,135.04,135.89,134.62,135.3,1327497
2023-06-19,GOOG,135.65,136.52,134.13,134.58,1649294
2023-06-20,GOOG,134.48,134.59,133.53,134.59,3289295
2023-06-21,GOOG,133.37,134.37,133.11,133.86,2032612
2023-06-22,GOOG,133.21,133.4,132.24,132.38,1503780
2023-06-23,GOOG,133.38,133.95,131.87,133.06,3525860
2023-06-26,GOOG,132.69,133.7,132.52,132.72,4411249
2023-06-27,GOOG,131.46,133.18,129.63,130.97,3401643
2023-06-28,GOOG,130.2,132.04,128.75,129.28,4713363
2023-06-29,GOOG,129.67,131.53,127.9,130.73,1751632
2023-06-30,GOOG,131.52,132.88,129.92,131.91,2154982
2023-07-03,GOOG,131.01,131.92,129.42,130.59,4270001
2023-07-04,GOOG,129.27,130.77,128.65,129.8,4288403
2023-07-05,GOOG,131.85,132.98,130.9,132.16,4053595
2023-07-06,GOOG,133.76,134.04,133.23,133.75,3712833
2023-07-07,GOOG,132.82,134.71,130.91,132.61,1561988
2023-07-10,GOOG,132.36,133.42,131.76,132.04,1841760
2023-07-11,GOOG,131.95,131.95,130.78,131.02,4865804
2023-07-12,GOOG,131.81,133.29,131.68,133.23,4574087
2023-07-13,GOOG,136.16,137.31,134.56,136.12,3756993
2023-07-14,GOOG,136.69,136.85,135.26,136.24,3472321
2023-07-17,GOOG,136.47,138.42,135.75,136.54,3347609
2023-07-18,GOOG,137.68,137.81,136.79,137.8,2794019
2023-07-19,GOOG,140.02,140.81,138.37,138.77,3177534
2023-07-20,GOOG,139.08,139.5,137.2,137.52,1820654
2023-07-21,GOOG,137.68,139.59,136.27,136.7,3726101
2023-07-24,GOOG,136.42,136.45,136.19,136.25,3725197
2023-07-25,GOOG,136.0,136.52,134.81,135.09,1119263
2023-07-26,GOOG,136.33,136.61,135.99,136.44,4918011
2023-07-27,GOOG,134.29,136.12,132.53,134.6,2262380
2023-07-28,GOOG,135.69,137.45,135.61,136.73,2231844
2023-07-31,GOOG,137.75,139.14,137.12,138.29,2873561
2023-08-01,GOOG,140.72,141.18,139.87,140.15,4388441
2023-08-02,GOOG,139.38,139.52,138.47,138.66,2167265
2023-08-03,GOOG,137.23,137.66,136.6,136.83,4862933
2023-08-04,GOOG,137.24,138.86,136.07,137.67,4855071
2023-08-07,GOOG,136.86,137.89,135.34,136.34,1033788
2023-08-08,GOOG,135.53,136.94,135.07,135.56,2725410
2023-08-09,GOOG,135.27,137.04,133.79,133.83,1889726
2023-08-10,GOOG,135.82,135.82,135.47,135.78,2285972
2023-08-11,GOOG,139.51,140.78,137.86,138.67,2648745
2023-08-14,GOOG,137.7,139.05,135.86,136.66,3390821
2023-08-15,GOOG,138.22,139.74,136.46,139.05,1099952
2023-08-16,GOOG,138.47,139.47,136.6,136.97,2178370
2023-08-17,GOOG,138.38,138.39,138.3,138.35,1699503
2023-08-18,GOOG,138.52,139.86,138.4,138.93,1678440
2023-08-21,GOOG,141.03,142.87,139.56,140.09,1415799
2023-08-22,GOOG,139.38,140.06,138.36,138.5,4797535
2023-08-23,GOOG,141.34,141.61,139.79,140.57,4899684
2023-08-24,GOOG,140.25,140.31,140.21,140.3,4578074
2023-08-25,GOOG,140.23,140.97,139.0,139.92,1147779
2023-08-28,GOOG,139.13,139.61,137.52,139.24,3887757
2023-08-29,GOOG,139.46,140.7,137.96,138.65,4804454
2023-08-30,GOOG,136.91,138.75,136.58,137.63,4394315
2023-08-31,GOOG,136.3,137.89,135.21,136.09,2367057
2023-09-01,GOOG,137.38,139.37,136.52,137.26,1229841
2023-09-04,GOOG,138.05,140.02,138.03,139.1,3974136
2023-09-05,GOOG,139.08,140.73,137.17,140.24,4461595
2023-09-06,GOOG,139.36,139.62,137.89,139.18,2120222
2023-09-07,GOOG,140.86,142.65,139.55,141.25,4985799
2023-09-08,GOOG,140.19,141.77,138.31,141.51,1149633
2023-09-11,GOOG,143.55,144.33,142.89,144.13,2879000
2023-09-12,GOOG,144.14,144.83,142.34,142.56,4934365
2023-09-13,GOOG,142.73,143.63,141.02,142.44,3083866
2023-09-14,GOOG,141.95,142.1,140.97,141.99,2509497
2023-09-15,GOOG,141.68,141.75,139.75,140.6,3738294
2023-09-18,GOOG,140.63,141.48,139.44,141.16,4958640
2023-09-19,GOOG,140.56,141.93,140.36,140.6,4974332
2023-09-20,GOOG,141.63,141.67,141.08,141.26,4115684
2023-09-21,GOOG,139.94,140.98,139.61,140.69,4903758
2023-09-22,GOOG,138.31,139.39,137.36,137.84,2618981
2023-09-25,GOOG,136.99,138.63,136.64,137.45,1962774
2023-09-26,GOOG,136.16,137.27,135.79,136.02,1151258
2023-09-27,GOOG,136.16,136.79,134.36,135.76,4741122
2023-09-28,GOOG,134.79,136.77,134.19,136.62,4172801
2023-09-29,GOOG,137.38,138.77,137.07,138.26,2868686
2023-10-02,GOOG,138.01,139.68,136.39,139.13,1863402
2023-10-03,GOOG,138.33,139.72,138.28,139.49,3163973
2023-10-04,GOOG,139.65,141.2,138.99,139.86,1746439
2023-10-05,GOOG,138.96,140.31,137.59,138.79,1035545
2023-10-06,GOOG,138.39,139.98,136.56,137.41,1673161
2023-10-09,GOOG,137.16,137.18,135.7,137.14,2136227
2023-10-10,GOOG,139.37,140.51,138.29,139.17,1006141
2023-10-11,GOOG,139.46,140.96,137.88,138.15,3301835
2023-10-12,GOOG,139.53,139.75,138.43,139.67,1782429
2023-10-13,GOOG,138.51,139.12,137.74,138.39,4651302
2023-10-16,GOOG,136.94,137.28,136.02,136.26,2147238
2023-10-17,GOOG,136.53,137.99,135.13,135.66,3494892
2023-10-18,GOOG,136.75,137.63,135.22,137.13,3745609
2023-10-19,GOOG,138.17,140.09,136.8,140.06,2641379
2023-10-20,GOOG,140.08,141.86,138.19,139.09,4276926
2023-10-23,GOOG,138.34,140.3,136.55,140.29,2251898
2023-10-24,GOOG,139.67,141.08,138.49,140.53,2263362
2023-10-25,GOOG,139.93,140.46,138.95,139.71,2213680
2023-10-26,GOOG,138.49,138.5,137.78,138.33,4718576
2023-10-27,GOOG,137.97,139.24,137.02,138.35,4772789
2023-10-30,GOOG,137.17,138.66,135.2,137.56,1087504
2023-10-31,GOOG,137.5,137.61,136.85,137.49,2044960
2023-11-01,GOOG,138.12,139.57,137.26,138.35,4878114
2023-11-02,GOOG,137.27,138.25,135.52,136.15,1510378
2023-11-03,GOOG,137.32,137.39,137.27,137.3,4667750
2023-11-06,GOOG,138.36,139.48,138.33,138.6,2910014
2023-11-07,GOOG,137.92,139.85,136.83,137.36,2810852
2023-11-08,GOOG,137.03,137.65,136.31,136.97,2188725
2023-11-09,GOOG,135.39,135.9,135.09,135.79,3714480
2023-11-10,GOOG,135.97,136.28,134.84,135.58,3602675
2023-11-13,GOOG,134.73,136.33,132.95,135.26,1353098
2023-11-14,GOOG,135.55,136.51,134.97,135.58,4988302
2023-11-15,GOOG,135.09,136.59,133.29,135.58,3703234
2023-11-16,GOOG,135.92,136.01,134.07,134.11,3613642
2023-11-17,GOOG,133.16,134.66,132.28,132.39,4404684
2023-11-20,GOOG,131.04,131.48,129.11,130.1,3521379
2023-11-21,GOOG,128.85,130.09,127.99,129.04,3603032
2023-11-22,GOOG,131.95,132.35,130.6,131.2,2615874
2023-11-23,GOOG,130.72,132.35,129.76,130.6,3066520
2023-11-24,GOOG,130.55,132.14,130.17,131.82,4360159
2023-11-27,GOOG,132.74,133.59,131.6,132.47,4416638
2023-11-28,GOOG,133.07,134.28,132.6,132.81,4208778
2023-11-29,GOOG,133.12,133.47,131.81,132.07,1072253
2023-11-30,GOOG,131.15,132.93,130.95,131.57,3700193
2023-12-01,GOOG,132.09,132.93,131.92,131.92,3518071
2023-12-04,GOOG,132.28,133.79,131.23,132.97,2830055
2023-12-05,GOOG,131.79,132.86,131.76,132.41,1651494
2023-12-06,GOOG,131.52,133.21,129.78,130.69,2169710
2023-12-07,GOOG,133.2,134.82,132.29,132.4,1381062
2023-12-08,GOOG,130.58,131.64,128.86,128.9,1334641
2023-12-11,GOOG,127.04,128.88,126.72,128.25,4173584
2023-12-12,GOOG,127.56,128.21,126.13,127.26,4102741
2023-12-13,GOOG,128.42,129.92,126.74,127.48,2974841
2023-12-14,GOOG,127.32,128.14,125.53,126.19,3029411
2023-12-15,GOOG,125.6,126.57,124.61,126.43,3869653
2023-12-18,GOOG,126.76,128.38,125.55,126.68,1653134
2023-12-19,GOOG,126.84,126.93,125.08,125.99,1519693
2023-12-20,GOOG,124.73,125.05,124.71,125.01,1035719
2023-12-21,GOOG,125.03,125.83,123.11,125.27,2009485
2023-12-22,GOOG,124.52,124.59,122.57,123.44,3243839
2023-12-25,GOOG,123.35,123.41,122.68,123.29,4407059
2023-12-26,GOOG,122.17,122.87,121.05,121.23,3124317
2023-12-27,GOOG,119.62,120.03,119.25,119.57,2557158
2023-12-28,GOOG,119.71,119.75,119.63,119.71,4573665
2023-12-29,GOOG,119.59,120.98,117.86,119.81,3466120
2023-01-02,TSLA,129.15,129.32,127.39,128.24,3197668
2023-01-03,TSLA,127.34,127.67,125.55,127.12,2725442
2023-01-04,TSLA,126.04,127.16,124.91,125.28,2464896
2023-01-05,TSLA,124.36,126.16,123.31,124.77,1781470
2023-01-06,TSLA,126.02,127.12,125.86,127.01,4523420
2023-01-09,TSLA,127.14,128.31,126.53,126.92,1273724
2023-01-10,TSLA,127.03,128.97,125.99,128.74,2985173
2023-01-11,TSLA,129.85,130.0,128.2,128.24,4639467
2023-01-12,TSLA,128.74,129.79,128.08,128.1,1673410
2023-01-13,TSLA,127.43,127.65,125.82,127.1,1403852
2023-01-16,TSLA,125.12,127.1,124.49,125.57,2471610
2023-01-17,TSLA,126.27,128.18,125.89,128.03,2781470
2023-01-18,TSLA,127.52,127.94,127.1,127.36,4619605
2023-01-19,TSLA,129.14,130.57,127.76,129.43,1519391
2023-01-20,TSLA,129.67,129.73,129.53,129.66,3641872
2023-01-23,TSLA,128.47,129.36,126.78,126.93,3223695
2023-01-24,TSLA,126.94,128.8,125.17,125.94,2818195
2023-01-25,TSLA,124.95,126.05,123.08,125.36,2366999
2023-01-26,TSLA,126.55,127.36,126.05,127.23,3575825
2023-01-27,TSLA,126.04,126.36,124.56,125.36,2305315
2023-01-30,TSLA,124.69,126.65,123.3,125.81,1123092
2023-01-31,TSLA,125.72,127.43,124.9,125.68,1349175
2023-02-01,TSLA,126.69,128.51,126.64,127.9,4311674
2023-02-02,TSLA,127.72,128.94,125.82,126.33,4912230
2023-02-03,TSLA,125.22,125.9,124.92,125.2,1586816
2023-02-06,TSLA,124.91,126.19,123.11,126.03,1174101
2023-02-07,TSLA,126.26,127.12,124.67,124.77,4551690
2023-02-08,TSLA,124.77,125.74,124.12,124.67,4847375
2023-02-09,TSLA,123.48,124.05,123.09,124.04,1372749
2023-02-10,TSLA,123.34,124.99,122.1,123.94,2017533
2023-02-13,TSLA,123.88,125.51,123.04,123.62,3162894
2023-02-14,TSLA,124.74,126.06,124.28,125.74,2866824
2023-02-15,TSLA,126.44,127.08,124.73,125.61,1030771
2023-02-16,TSLA,126.66,128.66,124.75,128.44,3987367
2023-02-17,TSLA,127.65,128.78,126.19,128.17,3470825
2023-02-20,TSLA,127.18,127.94,126.31,127.73,1116731
2023-02-21,TSLA,127.66,128.22,127.31,127.9,4873032
2023-02-22,TSLA,129.49,131.38,129.26,130.11,4234180
2023-02-23,TSLA,129.13,129.44,127.62,128.67,2796940
2023-02-24,TSLA,129.33,129.91,128.7,129.04,4032184
2023-02-27,TSLA,128.74,129.33,127.56,128.51,2371447
2023-02-28,TSLA,129.64,130.4,129.1,129.26,4787309
2023-03-01,TSLA,129.95,131.87,129.05,130.72,3442600
2023-03-02,TSLA,129.77,131.65,129.35,131.23,4045655
2023-03-03,TSLA,131.34,131.65,130.96,131.03,4430665
2023-03-06,TSLA,130.52,132.38,129.02,131.72,4579665
2023-03-07,TSLA,130.93,131.84,129.16,131.24,1550218
2023-03-08,TSLA,131.53,133.43,131.22,132.17,1253178
2023-03-09,TSLA,131.06,132.5,129.24,132.08,2641326
2023-03-10,TSLA,131.13,132.26,130.79,132.19,2306216
2023-03-13,TSLA,134.43,135.22,134.03,135.18,2501140
2023-03-14,TSLA,135.59,136.77,134.66,135.55,4449005
2023-03-15,TSLA,135.25,137.01,133.97,134.82,1203448
2023-03-16,TSLA,134.49,136.24,132.56,133.94,2605790
2023-03-17,TSLA,134.35,135.68,133.1,133.62,3801378
2023-03-20,TSLA,134.03,135.11,133.98,134.54,2673377
2023-03-21,TSLA,134.33,135.8,132.88,134.06,3276718
2023-03-22,TSLA,133.96,135.29,132.45,135.24,1828938
2023-03-23,TSLA,137.13,137.59,135.33,135.42,1859850
2023-03-24,TSLA,134.64,136.3,133.76,134.92,2799284
2023-03-27,TSLA,134.6,135.63,133.72,135.11,2657275
2023-03-28,TSLA,135.75,137.71,133.78,137.5,2555198
2023-03-29,TSLA,137.53,138.26,136.74,138.21,1497958
2023-03-30,TSLA,139.13,139.15,138.92,139.07,2529225
2023-03-31,TSLA,138.95,140.11,137.06,139.73,3178340
2023-04-03,TSLA,142.13,142.65,140.4,142.21,1812569
2023-04-04,TSLA,142.52,143.63,141.88,142.9,2061775
2023-04-05,TSLA,142.51,144.38,142.44,144.31,3363480
2023-04-06,TSLA,144.58,144.62,142.76,144.27,4046980
2023-04-07,TSLA,145.89,146.21,145.45,145.49,3264164
2023-04-10,TSLA,145.49,146.75,144.01,146.67,1057191
2023-04-11,TSLA,146.26,146.46,146.01,146.12,4864994
2023-04-12,TSLA,145.08,146.38,144.96,146.31,4703967
2023-04-13,TSLA,145.9,147.05,145.59,146.62,3607127
2023-04-14,TSLA,146.83,148.81,144.92,145.35,3350120
2023-04-17,TSLA,144.86,146.47,144.38,145.43,1832875
2023-04-18,TSLA,145.95,146.3,144.13,145.16,2053611
2023-04-19,TSLA,145.38,146.69,144.9,146.0,4123688
2023-04-20,TSLA,147.79,149.27,145.98,148.93,4146345
2023-04-21,TSLA,148.75,150.4,147.0,147.3,4815922
2023-04-24,TSLA,148.01,149.73,147.09,148.37,3933100
2023-04-25,TSLA,148.19,149.91,148.01,148.42,3547639
2023-04-26,TSLA,146.59,147.54,145.53,146.07,2618034
2023-04-27,TSLA,145.17,146.29,143.77,143.87,1264231
2023-04-28,TSLA,142.06,144.04,140.4,143.91,3624870
2023-05-01,TSLA,142.93,144.47,142.65,144.11,3762059
2023-05-02,TSLA,142.04,143.08,141.74,142.43,1631481
2023-05-03,TSLA,141.95,142.76,141.77,142.51,1450280
2023-05-04,TSLA,142.72,143.31,141.8,142.62,3737083
2023-05-05,TSLA,143.04,144.46,141.57,143.09,3863232
2023-05-08,TSLA,142.66,143.26,141.64,141.7,4000703
2023-05-09,TSLA,142.53,143.22,141.18,142.43,3832977
2023-05-10,TSLA,142.21,143.63,141.63,141.72,4518936
2023-05-11,TSLA,142.85,144.55,141.4,144.35,3864831
2023-05-12,TSLA,145.11,146.88,143.92,146.18,2378218
2023-05-15,TSLA,147.45,148.85,146.86,148.63,3430309
2023-05-16,TSLA,148.8,150.77,147.81,148.25,3338042
2023-05-17,TSLA,148.28,148.52,146.57,147.07,3822085
2023-05-18,TSLA,147.2,148.1,145.54,145.95,1467011
2023-05-19,TSLA,147.55,147.97,146.84,147.96,4164847
2023-05-22,TSLA,147.86,148.26,146.96,147.09,4585182
2023-05-23,TSLA,146.65,148.31,145.23,148.08,2613067
2023-05-24,TSLA,150.03,150.61,148.33,149.56,3077608
2023-05-25,TSLA,148.81,149.42,147.22,147.63,3273133
2023-05-26,TSLA,148.54,149.49,147.61,147.77,3395494
2023-05-29,TSLA,148.67,149.14,147.17,148.25,2843836
2023-05-30,TSLA,148.22,149.55,147.7,148.33,1605234
2023-05-31,TSLA,149.79,150.57,148.61,150.53,2751533
2023-06-01,TSLA,148.89,149.4,148.63,149.38,4716910
2023-06-02,TSLA,150.53,150.61,150.17,150.37,3763719
2023-06-05,TSLA,149.81,149.88,149.77,149.77,3780463
2023-06-06,TSLA,148.59,149.93,147.77,149.14,4152461
2023-06-07,TSLA,149.41,149.88,148.31,148.41,4301045
2023-06-08,TSLA,147.59,148.97,146.31,148.3,3123756
2023-06-09,TSLA,147.51,148.77,147.29,148.48,3999909
2023-06-12,TSLA,147.36,149.15,147.26,148.35,2821424
2023-06-13,TSLA,149.66,150.27,147.73,147.83,2846390
2023-06-14,TSLA,148.58,149.49,147.76,147.86,1064322
2023-06-15,TSLA,146.19,146.24,144.46,146.13,2601790
2023-06-16,TSLA,145.63,146.84,145.52,146.51,1094786
2023-06-19,TSLA,146.65,146.92,145.12,146.02,1741231
2023-06-20,TSLA,146.6,148.57,145.75,146.91,2952726
2023-06-21,TSLA,145.99,147.22,145.65,146.25,2124328
2023-06-22,TSLA,146.97,148.86,145.7,147.57,3930086
2023-06-23,TSLA,147.41,147.81,147.02,147.76,3519115
2023-06-26,TSLA,148.06,149.38,147.88,148.29,3099038
2023-06-27,TSLA,149.46,150.28,149.0,150.17,3713072
2023-06-28,TSLA,148.41,148.82,146.65,148.02,2354823
2023-06-29,TSLA,147.11,147.59,145.42,146.5,1630050
2023-06-30,TSLA,146.36,147.26,145.76,146.7,4514309
2023-07-03,TSLA,145.11,145.39,144.06,144.53,1074630
2023-07-04,TSLA,143.27,143.8,142.11,142.43,4041579
2023-07-05,TSLA,143.38,144.18,142.73,144.1,1058560
2023-07-06,TSLA,145.53,146.4,143.79,146.04,4568366
2023-07-07,TSLA,146.58,146.82,145.11,146.47,2289142
2023-07-10,TSLA,146.67,147.59,144.95,145.97,3696259
2023-07-11,TSLA,144.48,145.67,143.72,144.47,4606378
2023-07-12,TSLA,143.7,145.05,143.33,143.37,3674225
2023-07-13,TSLA,142.22,143.26,140.6,143.0,3122904
2023-07-14,TSLA,141.99,143.87,140.79,141.35,2010070
2023-07-17,TSLA,139.98,141.9,138.8,140.17,3688518
2023-07-18,TSLA,139.87,141.65,138.29,140.9,1949659
2023-07-19,TSLA,139.27,139.78,137.66,138.25,3522443
2023-07-20,TSLA,137.49,138.9,137.1,137.82,4646651
2023-07-21,TSLA,138.61,139.44,138.2,138.79,1135025
2023-07-24,TSLA,136.75,137.89,134.92,137.15,3014635
2023-07-25,TSLA,136.91,138.21,136.2,138.1,4804396
2023-07-26,TSLA,138.07,139.29,137.95,139.16,1971433
2023-07-27,TSLA,139.09,139.75,137.64,139.62,2201716
2023-07-28,TSLA,140.29,141.94,138.62,141.89,2853629
2023-07-31,TSLA,142.35,144.28,142.25,143.82,1561957
2023-08-01,TSLA,144.38,146.12,143.14,143.87,3131836
2023-08-02,TSLA,145.64,147.53,145.04,146.32,2073116
2023-08-03,TSLA,146.98,147.76,146.12,147.12,1822178
2023-08-04,TSLA,147.97,148.74,146.13,146.29,2597173
2023-08-07,TSLA,146.36,148.29,146.17,146.7,4406721
2023-08-08,TSLA,145.31,147.24,143.81,146.6,3224641
2023-08-09,TSLA,147.74,147.96,146.73,146.74,3706460
2023-08-10,TSLA,149.25,150.62,147.73,149.34,2353841
2023-08-11,TSLA,149.57,150.71,147.76,149.75,4403679
2023-08-14,TSLA,149.54,149.96,148.15,149.1,4339361
2023-08-15,TSLA,149.95,151.66,149.48,150.99,2863429
2023-08-16,TSLA,152.43,154.27,151.67,152.76,1989893
2023-08-17,TSLA,156.1,157.64,155.4,156.7,3103797
2023-08-18,TSLA,156.44,157.98,156.1,157.47,3338482
2023-08-21,TSLA,158.03,158.75,157.59,157.95,2061896
2023-08-22,TSLA,158.43,160.1,156.78,158.14,1981164
2023-08-23,TSLA,158.46,159.24,156.97,158.48,3334513
2023-08-24,TSLA,156.64,158.35,155.66,157.37,2171436
2023-08-25,TSLA,156.53,158.22,155.05,157.29,3734717
2023-08-28,TSLA,156.17,157.48,156.05,156.1,2539469
2023-08-29,TSLA,156.22,157.0,155.51,156.55,4424953
2023-08-30,TSLA,157.23,158.36,155.81,156.78,3167417
2023-08-31,TSLA,157.47,159.36,156.47,157.38,3696169
2023-09-01,TSLA,157.95,159.73,157.93,158.3,3918489
2023-09-04,TSLA,158.92,160.3,157.79,159.32,1210392
2023-09-05,TSLA,159.12,159.41,158.95,159.28,4429001
2023-09-06,TSLA,158.8,160.2,157.0,157.57,2054975
2023-09-07,TSLA,158.11,159.31,156.21,156.59,2780166
2023-09-08,TSLA,156.01,156.61,154.85,156.45,1393919
2023-09-11,TSLA,157.02,158.03,156.73,157.71,1269536
2023-09-12,TSLA,157.63,158.56,156.98,158.29,2939096
2023-09-13,TSLA,160.27,161.88,159.87,161.2,1482994
2023-09-14,TSLA,161.76,163.34,159.86,162.25,4078236
2023-09-15,TSLA,161.24,162.99,160.33,161.2,2509057
2023-09-18,TSLA,160.55,161.85,158.98,160.9,2260031
2023-09-19,TSLA,161.04,162.23,159.93,160.62,4087398
2023-09-20,TSLA,160.88,161.5,160.37,160.86,4586171
2023-09-21,TSLA,160.35,162.34,158.47,160.48,1817581
2023-09-22,TSLA,158.08,158.87,156.24,158.18,3179565
2023-09-25,TSLA,158.77,160.43,157.97,159.98,4500932
2023-09-26,TSLA,162.93,164.17,161.28,163.68,1591636
2023-09-27,TSLA,162.93,163.71,162.25,162.61,3876919
2023-09-28,TSLA,161.57,161.66,160.47,160.48,4375248
2023-09-29,TSLA,159.24,159.64,157.91,158.6,4357098
2023-10-02,TSLA,158.78,160.6,157.02,160.33,2723388
2023-10-03,TSLA,160.02,161.36,159.75,161.32,4151932
2023-10-04,TSLA,162.72,163.47,161.24,163.06,4087205
2023-10-05,TSLA,163.64,164.69,161.8,162.1,2704487
2023-10-06,TSLA,160.49,161.15,158.8,160.47,1532184
2023-10-09,TSLA,160.7,162.53,158.92,160.27,3357101
2023-10-10,TSLA,163.07,164.54,162.53,162.74,1830184
2023-10-11,TSLA,163.34,165.04,162.44,164.56,1002665
2023-10-12,TSLA,163.87,164.76,163.44,164.57,1510216
2023-10-13,TSLA,165.05,166.89,164.31,166.87,3448796
2023-10-16,TSLA,168.16,168.7,166.43,167.34,4239939
2023-10-17,TSLA,166.06,167.0,164.64,165.51,3582608
2023-10-18,TSLA,163.09,164.21,161.67,162.58,1344857
2023-10-19,TSLA,164.04,165.52,163.41,163.66,4951529
2023-10-20,TSLA,164.14,164.2,163.64,164.11,4457207
2023-10-23,TSLA,164.17,164.78,162.4,164.18,3296509
2023-10-24,TSLA,165.13,165.92,163.57,164.39,2989285
2023-10-25,TSLA,164.77,165.4,164.38,165.12,4843733
2023-10-26,TSLA,166.14,167.68,165.4,167.52,1211014
2023-10-27,TSLA,167.45,167.76,167.12,167.72,2983500
2023-10-30,TSLA,167.45,167.96,165.76,166.7,2700149
2023-10-31,TSLA,165.38,165.47,164.95,165.14,4609377
2023-11-01,TSLA,165.5,166.05,164.19,165.45,2702404
2023-11-02,TSLA,166.61,167.43,165.84,165.96,2344744
2023-11-03,TSLA,165.5,167.1,164.7,166.06,3116481
2023-11-06,TSLA,165.65,167.03,164.28,164.32,1964084
2023-11-07,TSLA,165.28,167.0,165.04,166.2,1013921
2023-11-08,TSLA,166.63,167.2,165.43,166.03,1732009
2023-11-09,TSLA,164.3,165.88,162.79,165.77,2115553
2023-11-10,TSLA,166.75,168.71,166.52,166.83,4125933
2023-11-13,TSLA,167.04,167.56,165.52,166.41,4598550
2023-11-14,TSLA,167.93,169.38,166.79,166.92,1004316
2023-11-15,TSLA,166.07,166.9,164.54,164.55,2524551
2023-11-16,TSLA,163.83,164.17,162.17,162.7,4902909
2023-11-17,TSLA,163.76,165.4,163.03,165.09,1838098
2023-11-20,TSLA,165.0,165.2,163.18,164.87,2522348
2023-11-21,TSLA,165.85,166.15,165.8,166.09,3604495
2023-11-22,TSLA,166.67,168.35,164.79,168.34,3182160
2023-11-23,TSLA,169.31,170.61,168.92,170.25,2235606
2023-11-24,TSLA,170.34,170.95,168.74,170.66,1528740
2023-11-27,TSLA,170.22,171.93,168.86,170.83,4889004
2023-11-28,TSLA,170.95,172.13,169.85,171.11,1561620
2023-11-29,TSLA,171.14,172.26,169.39,171.68,3589093
2023-11-30,TSLA,168.98,170.91,167.83,169.55,4109984
2023-12-01,TSLA,170.22,170.59,168.82,170.12,3192626
2023-12-04,TSLA,169.54,170.65,167.84,170.23,1719355
2023-12-05,TSLA,171.26,173.09,170.78,172.33,2666014
2023-12-06,TSLA,172.58,172.6,172.08,172.36,3299468
2023-12-07,TSLA,172.19,173.39,171.29,173.32,2913311
2023-12-08,TSLA,174.55,175.69,173.58,174.6,3305662
2023-12-11,TSLA,176.5,177.88,175.85,176.89,3199015
2023-12-12,TSLA,176.43,176.68,175.73,176.3,2137201
2023-12-13,TSLA,176.02,177.74,174.08,174.11,3581385
2023-12-14,TSLA,175.23,176.84,173.86,174.07,1168953
2023-12-15,TSLA,173.93,174.35,172.95,173.41,4186747
2023-12-18,TSLA,174.54,175.4,172.86,175.16,4858070
2023-12-19,TSLA,176.32,177.25,176.24,176.42,3056427
2023-12-20,TSLA,174.29,174.95,173.3,174.92,4959635
2023-12-21,TSLA,173.53,174.83,172.68,172.8,2654669
2023-12-22,TSLA,171.68,172.65,169.8,172.14,3889043
2023-12-25,TSLA,172.98,173.1,171.72,172.06,2314588
2023-12-26,TSLA,172.75,173.47,172.13,173.18,1202129
2023-12-27,TSLA,171.8,173.43,171.49,173.37,3934161
2023-12-28,TSLA,173.73,173.79,172.7,172.74,1166500
2023-12-29,TSLA,173.14,173.56,172.0,173.09,1402708
2023-01-02,AMZN,233.11,233.37,233.06,233.34,2966765
2023-01-03,AMZN,233.72,234.76,232.84,233.44,4412482
2023-01-04,AMZN,234.96,236.67,233.59,234.07,2975771
2023-01-05,AMZN,234.18,236.14,232.67,234.79,3783600
2023-01-06,AMZN,235.53,235.94,234.85,235.09,2047015
2023-01-09,AMZN,234.08,235.41,233.17,234.21,2728241
2023-01-10,AMZN,234.58,235.22,233.23,233.94,3672024
2023-01-11,AMZN,235.83,237.02,234.44,235.06,4118474
2023-01-12,AMZN,233.81,234.2,233.67,233.72,3783789
2023-01-13,AMZN,232.67,233.24,230.84,231.72,1632601
2023-01-16,AMZN,232.12,232.35,231.84,232.03,3909140
2023-01-17,AMZN,231.62,232.61,230.69,231.57,3103519
2023-01-18,AMZN,231.76,233.63,230.08,232.19,1236942
2023-01-19,AMZN,230.39,231.3,230.08,231.18,3627835
2023-01-20,AMZN,231.58,232.28,229.6,231.12,1561532
2023-01-23,AMZN,232.51,233.51,231.03,232.99,1298821
2023-01-24,AMZN,234.27,236.06,233.39,233.68,4542568
2023-01-25,AMZN,234.25,236.08,234.23,235.24,4133322
2023-01-26,AMZN,233.88,235.56,232.9,233.33,1108205
2023-01-27,AMZN,230.76,231.21,229.82,230.74,3919078
2023-01-30,AMZN,230.28,230.96,229.9,230.89,3384144
2023-01-31,AMZN,231.63,231.85,231.19,231.37,1801032
2023-02-01,AMZN,230.96,231.25,229.74,230.96,1548807
2023-02-02,AMZN,230.79,231.63,228.82,230.86,1490069
2023-02-03,AMZN,231.17,232.56,230.97,231.55,1413858
2023-02-06,AMZN,231.82,233.72,230.8,232.34,3033606
2023-02-07,AMZN,231.93,232.7,230.6,231.46,1143375
2023-02-08,AMZN,230.82,231.5,229.2,230.95,2653933
2023-02-09,AMZN,230.83,231.34,229.64,230.52,4812594
2023-02-10,AMZN,230.25,231.49,228.7,229.57,3059764
2023-02-13,AMZN,227.97,228.31,227.36,227.92,1377770
2023-02-14,AMZN,226.48,226.97,225.56,226.63,4723554
2023-02-15,AMZN,228.09,228.09,228.05,228.07,2692629
2023-02-16,AMZN,227.68,228.0,227.03,227.95,1219754
2023-02-17,AMZN,229.59,229.97,229.04,229.7,2520738
2023-02-20,AMZN,229.06,230.51,228.55,229.49,2435687
2023-02-21,AMZN,229.25,229.68,228.56,228.99,3009530
2023-02-22,AMZN,228.05,229.35,227.62,229.06,4849020
2023-02-23,AMZN,230.22,230.64,229.85,230.34,4332969
2023-02-24,AMZN,228.6,229.64,227.71,229.15,4314599
2023-02-27,AMZN,229.93,231.74,228.35,231.02,4095659
2023-02-28,AMZN,231.73,233.37,231.27,233.13,4545738
2023-03-01,AMZN,233.96,234.91,232.47,232.84,1670795
2023-03-02,AMZN,233.1,234.02,231.53,232.37,3608214
2023-03-03,AMZN,231.0,232.87,230.02,231.73,2732999
2023-03-06,AMZN,233.0,234.11,231.56,233.66,2168952
2023-03-07,AMZN,232.68,233.84,230.98,231.68,2769506
2023-03-08,AMZN,232.77,234.58,231.95,233.13,3007826
2023-03-09,AMZN,232.95,234.32,232.81,232.98,4682710
2023-03-10,AMZN,232.97,234.59,231.83,233.28,4009304
2023-03-13,AMZN,233.35,233.36,232.96,233.27,4037216
2023-03-14,AMZN,234.17,236.14,233.81,236.02,3066735
2023-03-15,AMZN,236.08,237.31,235.5,236.87,2587596
2023-03-16,AMZN,235.36,236.76,234.11,234.41,4387395
2023-03-17,AMZN,235.2,236.95,233.9,235.75,1757825
2023-03-20,AMZN,234.04,234.59,233.93,234.31,4410944
2023-03-21,AMZN,234.97,235.84,234.89,235.3,3774205
2023-03-22,AMZN,235.91,237.45,234.44,237.17,2147886
2023-03-23,AMZN,234.9,235.23,233.51,234.16,4681364
2023-03-24,AMZN,234.96,235.99,234.09,234.74,2329871
2023-03-27,AMZN,236.39,237.4,235.3,235.99,4699068
2023-03-28,AMZN,236.37,237.48,234.61,234.8,3950457
2023-03-29,AMZN,234.0,235.57,233.15,234.66,1098729
2023-03-30,AMZN,235.07,235.75,234.99,235.37,3758255
2023-03-31,AMZN,234.79,235.81,233.24,234.82,2935774
2023-04-03,AMZN,236.26,238.2,235.76,237.28,4583372
2023-04-04,AMZN,236.64,238.04,234.79,236.22,2630995
2023-04-05,AMZN,236.92,237.61,235.05,235.44,3347279
2023-04-06,AMZN,234.46,236.11,233.68,234.9,4623998
2023-04-07,AMZN,234.83,234.88,234.01,234.31,3835783
2023-04-10,AMZN,233.85,235.64,233.62,234.33,2869917
2023-04-11,AMZN,235.46,235.53,234.79,235.3,3694563
2023-04-12,AMZN,233.58,235.53,231.75,232.22,3191106
2023-04-13,AMZN,232.1,233.93,230.71,232.8,3654864
2023-04-14,AMZN,233.09,234.06,231.29,232.2,1388524
2023-04-17,AMZN,232.33,234.04,230.94,232.18,2176494
2023-04-18,AMZN,233.29,233.4,232.06,232.12,1636563
2023-04-19,AMZN,233.61,234.92,232.48,232.78,2798148
2023-04-20,AMZN,232.32,233.83,231.48,232.66,3950489
2023-04-21,AMZN,231.16,232.41,230.66,232.16,4814146
2023-04-24,AMZN,232.63,233.03,230.96,231.87,2660516
2023-04-25,AMZN,232.17,233.43,231.04,233.16,2884343
2023-04-26,AMZN,233.39,233.97,232.22,233.78,4620649
2023-04-27,AMZN,233.84,233.96,232.86,233.35,1070326
2023-04-28,AMZN,232.39,233.58,230.44,231.01,4488279
2023-05-01,AMZN,230.33,231.7,230.16,231.69,3047701
2023-05-02,AMZN,232.1,233.48,230.95,233.16,2266600
2023-05-03,AMZN,232.11,233.41,231.19,231.25,1573703
2023-05-04,AMZN,230.82,231.05,229.01,230.04,4675997
2023-05-05,AMZN,229.99,231.94,229.9,231.71,4120454
2023-05-08,AMZN,231.86,233.36,231.0,233.24,2329087
2023-05-09,AMZN,234.65,236.1,232.85,234.18,3357320
2023-05-10,AMZN,233.58,234.4,231.86,233.89,4524210
2023-05-11,AMZN,233.23,234.65,232.15,234.56,1429728
2023-05-12,AMZN,235.71,236.85,234.37,236.73,3625146
2023-05-15,AMZN,236.85,238.77,236.07,238.39,3971169
2023-05-16,AMZN,239.72,241.71,238.76,240.72,4896981
2023-05-17,AMZN,242.41,244.21,240.8,241.22,4399293
2023-05-18,AMZN,242.42,244.42,241.63,242.73,2667853
2023-05-19,AMZN,244.5,244.76,243.83,244.46,1189354
2023-05-22,AMZN,242.99,244.29,241.01,242.74,4430805
2023-05-23,AMZN,242.31,244.24,241.34,241.72,2175494
2023-05-24,AMZN,241.38,242.68,240.71,241.81,1976094
2023-05-25,AMZN,240.53,241.76,239.38,240.07,3043774
2023-05-26,AMZN,238.05,238.64,237.49,237.53,1636472
2023-05-29,AMZN,237.0,237.19,236.32,236.61,1352625
2023-05-30,AMZN,238.36,238.52,237.78,238.46,2708459
2023-05-31,AMZN,237.59,238.16,236.71,237.73,2827798
2023-06-01,AMZN,239.04,239.43,237.28,239.28,2788961
2023-06-02,AMZN,237.27,237.68,236.96,237.22,1365550
2023-06-05,AMZN,236.82,237.49,235.54,237.13,1667782
2023-06-06,AMZN,234.99,235.63,234.19,235.58,1401683
2023-06-07,AMZN,235.81,236.67,234.23,234.79,3340423
2023-06-08,AMZN,234.37,234.65,233.82,234.33,3864537
2023-06-09,AMZN,233.52,234.39,232.25,232.37,1617716
2023-06-12,AMZN,233.56,233.99,233.28,233.43,1648444
2023-06-13,AMZN,234.01,234.63,232.07,232.76,4188192
2023-06-14,AMZN,231.64,233.23,231.04,231.93,4863877
2023-06-15,AMZN,232.72,234.34,231.15,233.54,2423351
2023-06-16,AMZN,234.98,236.54,233.42,233.62,4448325
2023-06-19,AMZN,232.33,233.97,231.63,233.71,3532435
2023-06-20,AMZN,234.17,234.57,232.42,233.43,2250013
2023-06-21,AMZN,231.98,233.14,231.02,232.82,3296434
2023-06-22,AMZN,233.35,233.8,232.33,232.63,4270042
2023-06-23,AMZN,232.16,232.77,231.77,232.37,1472814
2023-06-26,AMZN,232.99,233.29,232.57,233.04,1782628
2023-06-27,AMZN,233.99,235.59,233.58,234.36,2697543
2023-06-28,AMZN,233.31,235.09,232.69,233.54,2809578
2023-06-29,AMZN,232.87,234.47,231.05,232.38,1559188
2023-06-30,AMZN,232.63,233.69,232.44,232.99,4775008
2023-07-03,AMZN,232.69,234.04,232.59,232.95,4757064
2023-07-04,AMZN,232.96,234.17,231.38,232.39,4431328
2023-07-05,AMZN,234.24,235.91,233.1,235.23,3868854
2023-07-06,AMZN,234.26,235.89,233.03,234.63,1941466
2023-07-07,AMZN,235.29,235.67,235.28,235.43,1275424
2023-07-10,AMZN,234.56,235.49,233.17,233.35,4558917
2023-07-11,AMZN,233.41,233.88,231.48,233.08,4897622
2023-07-12,AMZN,230.55,231.77,230.39,231.54,1683784
2023-07-13,AMZN,231.46,232.66,230.99,231.65,2329956
2023-07-14,AMZN,230.42,231.57,229.45,229.85,1076408
2023-07-17,AMZN,230.05,230.84,229.3,229.39,4545445
2023-07-18,AMZN,228.85,229.33,228.06,228.3,1355909
2023-07-19,AMZN,226.92,228.62,226.37,227.42,4391993
2023-07-20,AMZN,227.05,227.19,226.54,227.07,4343256
2023-07-21,AMZN,225.78,227.52,224.1,226.57,3672260
2023-07-24,AMZN,225.69,226.14,223.95,225.13,2116409
2023-07-25,AMZN,225.12,226.06,223.2,224.62,4684575
2023-07-26,AMZN,225.24,225.52,224.4,224.43,2399337
2023-07-27,AMZN,225.2,227.11,225.18,227.03,1844983
2023-07-28,AMZN,225.92,227.31,224.98,226.94,4232960
2023-07-31,AMZN,226.65,228.32,226.22,226.99,3746999
2023-08-01,AMZN,226.92,227.55,226.37,227.22,2336774
2023-08-02,AMZN,227.41,227.72,227.38,227.39,2867090
2023-08-03,AMZN,226.21,227.61,224.77,227.12,4525077
2023-08-04,AMZN,228.61,229.2,226.97,228.5,3380319
2023-08-07,AMZN,226.91,227.69,225.22,226.66,4845184
2023-08-08,AMZN,225.45,227.29,224.04,224.78,4404234
2023-08-09,AMZN,220.88,220.91,220.66,220.72,2137537
2023-08-10,AMZN,220.79,221.57,220.7,221.12,1441977
2023-08-11,AMZN,220.71,222.64,220.0,220.1,1143490
2023-08-14,AMZN,219.58,221.39,218.68,219.61,4343794
2023-08-15,AMZN,220.86,221.76,218.92,219.36,1994856
2023-08-16,AMZN,218.66,219.42,218.54,219.07,3212890
2023-08-17,AMZN,218.78,220.52,218.75,219.63,4627559
2023-08-18,AMZN,219.03,219.27,218.36,218.38,3089334
2023-08-21,AMZN,219.64,221.29,218.53,220.04,3392938
2023-08-22,AMZN,220.01,221.24,218.5,218.72,1708333
2023-08-23,AMZN,218.77,220.22,218.31,219.66,1488931
2023-08-24,AMZN,220.53,221.21,220.51,220.8,2110922
2023-08-25,AMZN,222.45,223.13,221.26,222.27,1471562
2023-08-28,AMZN,221.71,223.59,221.11,221.79,4814642
2023-08-29,AMZN,220.45,221.6,219.36,220.15,2797680
2023-08-30,AMZN,218.91,220.6,218.13,220.48,4819466
2023-08-31,AMZN,221.79,222.15,221.32,222.0,4115957
2023-09-01,AMZN,224.13,224.5,222.46,222.61,2062492
2023-09-04,AMZN,222.86,224.22,222.7,223.61,2688748
2023-09-05,AMZN,225.13,225.67,223.29,223.35,1658599
2023-09-06,AMZN,225.93,227.1,224.91,225.2,4327773
2023-09-07,AMZN,226.44,226.59,225.66,225.8,2686900
2023-09-08,AMZN,225.09,226.61,224.19,225.28,3864715
2023-09-11,AMZN,225.59,226.73,224.01,224.04,4956692
2023-09-12,AMZN,224.58,225.75,222.76,225.3,1551012
2023-09-13,AMZN,225.31,225.74,224.41,225.16,3972572
2023-09-14,AMZN,224.89,226.26,223.55,223.95,2883602
2023-09-15,AMZN,224.63,226.32,223.58,224.37,4722151
2023-09-18,AMZN,224.4,225.65,224.37,224.6,4876829
2023-09-19,AMZN,224.46,225.89,222.7,225.74,4171952
2023-09-20,AMZN,227.27,228.79,225.48,225.79,3495364
2023-09-21,AMZN,227.12,228.33,226.21,226.92,3012546
2023-09-22,AMZN,226.24,226.52,225.46,226.15,4242494
2023-09-25,AMZN,225.68,226.85,224.95,226.12,2132150
2023-09-26,AMZN,226.47,228.18,224.97,227.19,3871996
2023-09-27,AMZN,226.29,227.89,225.74,226.32,2193080
2023-09-28,AMZN,225.83,226.05,224.9,225.5,2274226
2023-09-29,AMZN,225.89,226.85,224.11,226.84,2239270
2023-10-02,AMZN,227.84,228.37,226.88,227.31,4821860
2023-10-03,AMZN,228.36,228.66,227.99,228.05,1235252
2023-10-04,AMZN,229.33,231.21,229.02,230.78,3775293
2023-10-05,AMZN,231.08,232.43,229.67,229.85,4200888
2023-10-06,AMZN,230.35,231.9,228.55,229.47,1911964
2023-10-09,AMZN,230.58,231.21,229.37,229.87,2003714
2023-10-10,AMZN,230.32,232.28,230.21,230.52,1762804
2023-10-11,AMZN,229.22,230.89,228.6,230.65,2482035
2023-10-12,AMZN,230.73,230.79,230.1,230.19,1480626
2023-10-13,AMZN,229.82,231.68,229.26,230.14,4838529
2023-10-16,AMZN,230.75,232.23,230.7,231.73,1434605
2023-10-17,AMZN,229.87,231.39,229.59,230.12,2385864
2023-10-18,AMZN,230.07,231.58,229.25,231.0,3698044
2023-10-19,AMZN,230.45,230.68,229.59,230.57,1416288
2023-10-20,AMZN,231.45,232.45,231.12,231.33,4931893
2023-10-23,AMZN,230.91,231.79,228.99,230.17,3916448
2023-10-24,AMZN,229.45,230.48,227.48,228.91,2799713
2023-10-25,AMZN,227.54,228.85,227.53,228.42,2216366
2023-10-26,AMZN,228.32,230.05,226.35,229.5,4066541
2023-10-27,AMZN,228.35,229.54,227.73,228.72,3997354
2023-10-30,AMZN,228.71,229.94,227.03,227.43,1447701
2023-10-31,AMZN,229.07,229.87,227.19,227.45,1611763
2023-11-01,AMZN,227.93,228.77,227.21,228.04,3612570
2023-11-02,AMZN,227.55,229.36,227.04,227.86,4454324
2023-11-03,AMZN,228.83,230.46,227.36,229.26,3001308
2023-11-06,AMZN,229.52,229.76,229.26,229.53,3894099
2023-11-07,AMZN,230.89,232.76,230.69,232.48,2159430
2023-11-08,AMZN,232.36,232.65,230.45,230.81,3303913
2023-11-09,AMZN,231.59,232.56,231.12,231.16,2451110
2023-11-10,AMZN,230.92,231.3,228.95,230.93,3645286
2023-11-13,AMZN,230.07,231.0,228.7,229.61,3898175
2023-11-14,AMZN,230.17,230.56,228.58,229.72,1464615
2023-11-15,AMZN,230.07,231.12,229.56,230.17,3413638
2023-11-16,AMZN,227.82,229.67,227.58,228.65,2425173
2023-11-17,AMZN,228.13,228.65,226.81,227.55,2129271
2023-11-20,AMZN,226.77,227.84,225.01,225.64,3070840
2023-11-21,AMZN,225.13,225.83,224.7,225.44,4678846
2023-11-22,AMZN,225.01,226.26,224.21,224.47,1700232
2023-11-23,AMZN,224.87,226.0,224.17,225.37,3654366
2023-11-24,AMZN,226.49,227.73,224.76,226.91,4781633
2023-11-27,AMZN,226.87,227.88,226.0,227.87,3597055
2023-11-28,AMZN,227.84,227.93,226.14,227.44,1506622
2023-11-29,AMZN,229.02,230.73,229.01,229.46,1545660
2023-11-30,AMZN,229.13,230.24,228.41,229.54,1563305
2023-12-01,AMZN,230.31,231.25,228.38,228.89,3874671
2023-12-04,AMZN,229.43,230.3,228.73,230.11,1464002
2023-12-05,AMZN,230.5,231.93,229.17,231.53,2278640
2023-12-06,AMZN,232.04,232.76,230.16,230.35,3169111
2023-12-07,AMZN,229.53,230.73,229.29,230.6,1706947
2023-12-08,AMZN,231.13,233.01,230.88,231.5,4571419
2023-12-11,AMZN,229.76,230.76,228.19,229.73,3982136
2023-12-12,AMZN,229.54,231.53,227.93,230.19,1894213
2023-12-13,AMZN,229.0,230.58,227.41,228.42,1383429
2023-12-14,AMZN,227.99,229.04,227.02,228.74,4121798
2023-12-15,AMZN,228.16,228.9,227.84,228.04,1800127
2023-12-18,AMZN,226.19,227.46,224.23,225.11,1261974
2023-12-19,AMZN,225.71,226.89,225.33,226.54,2647233
2023-12-20,AMZN,227.31,228.91,226.83,228.5,1833780
2023-12-21,AMZN,227.02,228.89,226.14,226.16,3318068
2023-12-22,AMZN,225.72,225.86,223.81,225.72,3785571
2023-12-25,AMZN,225.1,225.13,224.05,225.06,2808348
2023-12-26,AMZN,226.43,227.78,225.81,226.8,2076890
2023-12-27,AMZN,228.27,229.56,227.77,228.7,3246729
2023-12-28,AMZN,229.22,229.44,227.74,229.33,4714430
2023-12-29,AMZN,226.96,228.21,226.52,226.75,2160437
