tick_ts_ms,symbols_count,bytes_sent_per_client
1762758535427,3,0
1762758535527,3,0
1762758535628,3,0
1762758535729,3,0
1762758535829,3,0
1762758535930,3,0
1762758536031,3,0
1762758536132,3,0
1762758536233,3,0
1762758536334,3,0
1762758536434,3,87
1762758536536,3,87
1762758536636,3,87
1762758536737,3,87
1762758536838,3,87
1762758536939,3,87
1762758537041,3,87
1762758537141,3,87
1762758537243,3,87
1762758537344,3,87
1762758537444,3,87
1762758537545,3,87
1762758537646,3,87
1762758537747,3,87
1762758537848,3,87
1762758537949,3,87
1762758538050,3,87
1762758538151,3,87
1762758538252,3,87
1762758538352,3,87
1762758538453,3,87
1762758538554,3,87
1762758538656,3,87
1762758538757,3,87
1762758538857,3,87
1762758538958,3,87
1762758539059,3,87
1762758539160,3,87
1762758539261,3,87
1762758539362,3,87
1762758539463,3,87
1762758539564,3,87
1762758539665,3,87
1762758539765,3,87
1762758539866,3,87
1762758539967,3,87
1762758540068,3,87
1762758540169,3,87
1762758540270,3,87
1762758540371,3,87
1762758540472,3,87
1762758540573,3,87
1762758540674,3,87
1762758540775,3,87
1762758540876,3,87
1762758540977,3,87
1762758541079,3,87
1762758541180,3,87
1762758541281,3,87
1762758541382,3,87
1762758541483,3,87
1762758541584,3,87
1762758541685,3,87
1762758541785,3,87
1762758541886,3,87
1762758541987,3,87
1762758542088,3,87
1762758542189,3,87
1762758542290,3,87
1762758542391,3,87
1762758542492,3,87
1762758542593,3,87
1762758542694,3,87
1762758542796,3,87
1762758542896,3,87
1762758542997,3,87
1762758543098,3,87
1762758543199,3,87
1762758543299,3,87
1762758543400,3,87
1762758543501,3,87
1762758543602,3,87
1762758543703,3,87
1762758543804,3,87
1762758543905,3,87
1762758544006,3,87
1762758544107,3,87
1762758544208,3,87
1762758544309,3,87
1762758544410,3,87
1762758544511,3,87
1762758544612,3,87
1762758544713,3,87
1762758544814,3,87
1762758544914,3,87
1762758545016,3,87
1762758545116,3,87
1762758545217,3,87
1762758545319,3,87
1762758545420,3,87
1762758545521,3,87
1762758545621,3,87
1762758545722,3,87
1762758545823,3,87
1762758545924,3,87
1762758546025,3,87
1762758546125,3,87
1762758546226,3,87
1762758546327,3,87
1762758546429,3,87
1762758546530,3,87
1762758546630,3,87
1762758546731,3,87
1762758546832,3,87
1762758546933,3,87
1762758547033,3,87
1762758547134,3,87
1762758547235,3,87
1762758547336,3,87
1762758547437,3,87
1762758547538,3,87
1762758547639,3,87
1762758547740,3,87
1762758547841,3,87
1762758547941,3,87
1762758548042,3,87
1762758548143,3,87
1762758548244,3,87
1762758548345,3,87
1762758548445,3,87
1762758548546,3,87
1762758548647,3,87
1762758548748,3,87
1762758548849,3,87
1762758548950,3,87
1762758549051,3,87
1762758549152,3,87
1762758549252,3,87
1762758549353,3,87
1762758549454,3,87
1762758549555,3,87
1762758549656,3,87
1762758549756,3,87
1762758549858,3,87
1762758549959,3,87
1762758550060,3,87
1762758550161,3,87
1762758550262,3,87
1762758550364,3,87
1762758550465,3,87
1762758550566,3,87
1762758550666,3,87
1762758550767,3,87
1762758550868,3,87
1762758550969,3,87
1762758551070,3,87
1762758551171,3,87
1762758551272,3,87
1762758551372,3,87
1762758551473,3,87
1762758551574,3,87
1762758551675,3,87
1762758551776,3,87
1762758551877,3,87
1762758551978,3,87
1762758552079,3,87
1762758552180,3,87
1762758552281,3,87
1762758552382,3,87
1762758552483,3,87
1762758552584,3,87
1762758552685,3,87
1762758552786,3,87
1762758552887,3,87
1762758552987,3,87
1762758553088,3,87
1762758553189,3,87
1762758553290,3,87
1762758553391,3,87
1762758553492,3,87
1762758553594,3,87
1762758553694,3,87
1762758553796,3,87
1762758553897,3,87
1762758553998,3,87
1762758554098,3,87
1762758554199,3,87
1762758554300,3,87
1762758554401,3,87
1762758554502,3,87
1762758554603,3,87
1762758554704,3,87
1762758554805,3,87
1762758554906,3,87
1762758555007,3,87
1762758555109,3,87
1762758555210,3,87
1762758555311,3,87
1762758555412,3,87
1762758555513,3,87
1762758555614,3,87
1762758555715,3,87
1762758555816,3,87
1762758555917,3,87
1762758556018,3,87
1762758556119,3,87
1762758556220,3,87
1762758556321,3,87
1762758556421,3,87
1762758556522,3,87
1762758556624,3,87
1762758556724,3,87
1762758556825,3,87
1762758556927,3,87
1762758557027,3,87
1762758557128,3,87
1762758557229,3,87
1762758557329,3,87
1762758557430,3,87
1762758557531,3,87
1762758557632,3,87
1762758557733,3,87
1762758557833,3,87
1762758557934,3,87
1762758558035,3,87
1762758558136,3,87
1762758558237,3,87
1762758558338,3,87
1762758558439,3,87
1762758558539,3,87
1762758558640,3,87
1762758558741,3,87
1762758558842,3,87
1762758558943,3,87
1762758559044,3,87
1762758559145,3,87
1762758559246,3,87
1762758559347,3,87
1762758559448,3,87
1762758559549,3,87
1762758559650,3,87
1762758559751,3,87
1762758559852,3,87
1762758559953,3,87
1762758560053,3,87
1762758560154,3,87
1762758560255,3,87
1762758560356,3,87
1762758560457,3,87
1762758560557,3,87
1762758560658,3,87
1762758560759,3,87
1762758560860,3,87
1762758560961,3,87
1762758561061,3,87
1762758561162,3,87
1762758561263,3,87
1762758561364,3,87
1762758561465,3,87
1762758561566,3,87
1762758561667,3,87
1762758561768,3,87
1762758561869,3,87
1762758561970,3,87
1762758562070,3,87
1762758562171,3,87
1762758562272,3,87
1762758562373,3,87
1762758562474,3,87
1762758562575,3,87
1762758562676,3,87
1762758562777,3,87
1762758562878,3,87
1762758562979,3,87
1762758563080,3,87
1762758563181,3,87
1762758563282,3,87
1762758563383,3,87
1762758563484,3,87
1762758563585,3,87
1762758563686,3,87
1762758563786,3,87
1762758563887,3,87
1762758563989,3,87
1762758564089,3,87
1762758564190,3,87
1762758564291,3,87
1762758564392,3,87
1762758564493,3,87
1762758564594,3,87
1762758564695,3,87
1762758564796,3,87
1762758564896,3,87
1762758564997,3,87
1762758565099,3,87
1762758565200,3,87
1762758565300,3,87
1762758565401,3,87
1762758565502,3,87
1762758565603,3,87
1762758565704,3,87
1762758565804,3,87
1762758565906,3,87
1762758566006,3,87
1762758566107,3,87
1762758566208,3,87
1762758566309,3,87
1762758566410,3,87
1762758566511,3,87
1762758566612,3,87
1762758566713,3,87
1762758566814,3,87
1762758566915,3,87
1762758567016,3,87
1762758567116,3,87
1762758567217,3,87
1762758567318,3,87
1762758567419,3,87
1762758567520,3,87
1762758567621,3,87
1762758567722,3,87
1762758567823,3,87
1762758567924,3,87
1762758568025,3,87
1762758568126,3,87
1762758568227,3,87
1762758568328,3,87
1762758568429,3,87
1762758568529,3,87
1762758568630,3,87
1762758568731,3,87
1762758568832,3,87
1762758568933,3,87
1762758569034,3,87
1762758569135,3,87
1762758569236,3,87
1762758569337,3,87
1762758569438,3,87
1762758569539,3,87
1762758569640,3,87
1762758569741,3,87
1762758569842,3,87
1762758569943,3,87
1762758570044,3,87
1762758570145,3,87
1762758570246,3,87
1762758570346,3,87
1762758570447,3,87
1762758570548,3,87
1762758570649,3,87
1762758570750,3,87
1762758570851,3,87
1762758570952,3,87
1762758571053,3,87
1762758571154,3,87
1762758571255,3,87
1762758571355,3,87
1762758571457,3,87
1762758571557,3,87
1762758571658,3,87
1762758571759,3,87
1762758571860,3,87
1762758571961,3,87
1762758572062,3,87
1762758572163,3,87
1762758572264,3,87
1762758572365,3,87
1762758572465,3,87
1762758572566,3,87
1762758572666,3,87
1762758572767,3,87
1762758572868,3,87
1762758572969,3,87
1762758573070,3,87
1762758573170,3,87
1762758573271,3,87
1762758573372,3,87
1762758573473,3,87
1762758573573,3,87
1762758573674,3,87
1762758573775,3,87
1762758573876,3,87
1762758573976,3,87
1762758574077,3,87
1762758574178,3,87
1762758574279,3,87
1762758574379,3,87
1762758574480,3,87
1762758574581,3,87
1762758574682,3,87
1762758574783,3,87
1762758574884,3,87
1762758574985,3,87
1762758575086,3,87
1762758575187,3,87
1762758575288,3,87
1762758575389,3,87
1762758575489,3,87
1762758575591,3,87
1762758575691,3,87
1762758575792,3,87
1762758575893,3,87
1762758575994,3,87
1762758576095,3,87
1762758576196,3,87
1762758576297,3,87
1762758576398,3,87
1762758576499,3,87
1762758576600,3,87
1762758576700,3,87
1762758576802,3,87
1762758576902,3,87
1762758577003,3,87
1762758577105,3,87
1762758577206,3,87
1762758577307,3,87
1762758577408,3,87
1762758577509,3,87
1762758577610,3,87
1762758577711,3,87
1762758577812,3,87
1762758577912,3,87
1762758578013,3,87
1762758578114,3,87
1762758578215,3,87
1762758578316,3,87
1762758578417,3,87
1762758578517,3,87
1762758578618,3,87
1762758578719,3,87
1762758578820,3,87
1762758578921,3,87
1762758579022,3,87
1762758579123,3,87
1762758579224,3,87
1762758579325,3,87
1762758579425,3,87
1762758579526,3,87
1762758579627,3,87
1762758579728,3,87
1762758579829,3,87
1762758579930,3,87
1762758580031,3,87
1762758580132,3,87
1762758580233,3,87
1762758580334,3,87
1762758580435,3,87
1762758580536,3,87
1762758580636,3,87
1762758580737,3,87
1762758580838,3,87
1762758580939,3,87
1762758581040,3,87
1762758581141,3,87
1762758581241,3,87
1762758581342,3,87
1762758581443,3,87
1762758581544,3,87
1762758581645,3,87
1762758581746,3,87
1762758581846,3,87
1762758581947,3,87
1762758582048,3,87
1762758582149,3,87
1762758582250,3,87
1762758582350,3,87
1762758582451,3,87
1762758582552,3,87
1762758582653,3,87
1762758582754,3,87
1762758582854,3,87
1762758582955,3,87
1762758583056,3,87
1762758583157,3,87
1762758583258,3,87
1762758583358,3,87
1762758583459,3,87
1762758583560,3,87
1762758583661,3,87
1762758583762,3,87
1762758583862,3,87
1762758583963,3,87
1762758584064,3,87
1762758584165,3,87
1762758584266,3,87
1762758584367,3,87
1762758584468,3,87
1762758584569,3,87
1762758584669,3,87
1762758584770,3,87
1762758584871,3,87
1762758584972,3,87
1762758585072,3,87
1762758585173,3,87
1762758585274,3,87
1762758585375,3,87
1762758585476,3,87
1762758585576,3,87
1762758585677,3,87
1762758585778,3,87
1762758585879,3,87
1762758585980,3,87
1762758586080,3,87
1762758586182,3,87
1762758586282,3,87
1762758586383,3,87
1762758586484,3,87
1762758586585,3,87
1762758586686,3,87
1762758586787,3,87
1762758586888,3,87
1762758586988,3,87
1762758587089,3,87
1762758587190,3,87
1762758587291,3,87
1762758587392,3,87
1762758587493,3,87
1762758587593,3,87
1762758587694,3,87
1762758587795,3,87
1762758587896,3,87
1762758587997,3,87
1762758588098,3,87
1762758588199,3,87
1762758588299,3,87
1762758588400,3,87
1762758588501,3,87
1762758588602,3,87
1762758588703,3,87
1762758588803,3,87
1762758588904,3,87
1762758589005,3,87
1762758589106,3,87
1762758589207,3,87
1762758589307,3,87
1762758589408,3,87
1762758589509,3,87
1762758589610,3,87
1762758589710,3,87
1762758589811,3,87
1762758589912,3,87
1762758590013,3,87
1762758590114,3,87
1762758590215,3,87
1762758590316,3,87
1762758590416,3,87
1762758590517,3,87
1762758590618,3,87
1762758590719,3,87
1762758590820,3,87
1762758590921,3,87
1762758591021,3,87
1762758591122,3,87
1762758591223,3,87
1762758591324,3,87
1762758591425,3,87
1762758591526,3,87
1762758591626,3,87
1762758591727,3,87
1762758591828,3,87
1762758591929,3,87
1762758592030,3,87
1762758592130,3,87
1762758592231,3,87
1762758592332,3,87
1762758592433,3,87
1762758592534,3,87
1762758592635,3,87
1762758592736,3,87
1762758592836,3,87
1762758592937,3,87
1762758593038,3,87
1762758593139,3,87
1762758593240,3,87
1762758593341,3,87
1762758593442,3,87
1762758593543,3,87
1762758593644,3,87
1762758593745,3,87
1762758593846,3,87
1762758593948,3,87
1762758594049,3,87
1762758594150,3,87
1762758594251,3,87
1762758594352,3,87
1762758594453,3,87
1762758594554,3,87
1762758594655,3,87
1762758594756,3,87
1762758594857,3,87
1762758594958,3,87
1762758595060,3,87
1762758595160,3,87
1762758595262,3,87
1762758595363,3,87
1762758595464,3,87
1762758595565,3,87
1762758595666,3,87
1762758595768,3,87
1762758595869,3,87
1762758595970,3,87
1762758596071,3,87
1762758596172,3,87
1762758596273,3,87
1762758596374,3,87
1762758596475,3,87
1762758596576,3,87
1762758596677,3,87
1762758596779,3,87
1762758596880,3,87
1762758596981,3,87
1762758597082,3,87
1762758597184,3,87
1762758597285,3,87
1762758597386,3,87
1762758597487,3,87
1762758597588,3,87
1762758597689,3,87
1762758597790,3,87
1762758597891,3,87
1762758597992,3,87
1762758598093,3,87
1762758598194,3,87
1762758598295,3,87
1762758598396,3,87
1762758598497,3,87
1762758598598,3,87
1762758598700,3,87
1762758598801,3,87
1762758598902,3,87
1762758599002,3,87
1762758599103,3,87
1762758599204,3,87
1762758599305,3,87
1762758599406,3,87
1762758599507,3,87
1762758599609,3,87
1762758599710,3,87
1762758599810,3,87
1762758599912,3,87
1762758600013,3,87
1762758600114,3,87
1762758600215,3,87
1762758600316,3,87
1762758600417,3,87
1762758600518,3,87
1762758600619,3,87
1762758600719,3,87
1762758600821,3,87
1762758600922,3,87
1762758601023,3,87
1762758601124,3,87
1762758601225,3,87
1762758601326,3,87
1762758601427,3,87
1762758601528,3,87
1762758601629,3,87
1762758601730,3,87
1762758601830,3,87
1762758601932,3,87
1762758602032,3,87
1762758602133,3,87
1762758602235,3,87
1762758602335,3,87
1762758602436,3,87
1762758602538,3,87
1762758602639,3,87
1762758602740,3,87
1762758602841,3,87
1762758602942,3,87
1762758603042,3,87
1762758603143,3,87
1762758603244,3,87
1762758603345,3,87
1762758603446,3,87
1762758603546,3,87
1762758603647,3,87
1762758603748,3,87
1762758603849,3,87
1762758603950,3,87
1762758604051,3,87
1762758604151,3,87
1762758604252,3,87
1762758604353,3,87
1762758604454,3,87
1762758604555,3,87
1762758604656,3,87
1762758604757,3,87
1762758604859,3,87
1762758604960,3,87
1762758605060,3,87
1762758605162,3,87
1762758605263,3,87
1762758605363,3,87
1762758605465,3,87
1762758605566,3,87
1762758605667,3,87
1762758605768,3,87
1762758605869,3,87
1762758605970,3,87
1762758606071,3,87
1762758606172,3,87
1762758606273,3,87
1762758606374,3,87
1762758606474,3,87
1762758606575,3,87
1762758606676,3,87
1762758606777,3,87
1762758606878,3,87
1762758606978,3,87
1762758607079,3,87
1762758607182,3,87
1762758607283,3,87
1762758607384,3,87
1762758607485,3,87
1762758607586,3,87
1762758607686,3,87
1762758607787,3,87
1762758607888,3,87
1762758607989,3,87
1762758608090,3,87
1762758608190,3,87
1762758608291,3,87
1762758608392,3,87
1762758608493,3,87
1762758608593,3,87
1762758608694,3,87
1762758608795,3,87
1762758608896,3,87
1762758608997,3,87
1762758609097,3,87
1762758609198,3,87
1762758609299,3,87
1762758609400,3,87
1762758609501,3,87
1762758609602,3,87
1762758609702,3,87
1762758609803,3,87
1762758609904,3,87
1762758610005,3,87
1762758610106,3,87
1762758610206,3,87
1762758610307,3,87
1762758610408,3,87
1762758610509,3,87
1762758610610,3,87
1762758610711,3,87
1762758610811,3,87
1762758610912,3,87
1762758611013,3,87
1762758611114,3,87
1762758611215,3,87
1762758611316,3,87
1762758611416,3,87
1762758611517,3,87
1762758611618,3,87
1762758611719,3,87
1762758611820,3,87
1762758611921,3,87
1762758612022,3,87
1762758612122,3,87
1762758612223,3,87
1762758612325,3,87
1762758612426,3,87
1762758612527,3,87
1762758612628,3,87
1762758612729,3,87
1762758612830,3,87
1762758612931,3,87
1762758613034,3,87
1762758613134,3,87
1762758613235,3,87
1762758613336,3,87
1762758613437,3,87
1762758613538,3,87
1762758613639,3,87
1762758613740,3,87
1762758613841,3,87
1762758613942,3,87
1762758614043,3,87
1762758614144,3,87
1762758614244,3,87
1762758614347,3,87
1762758614448,3,87
1762758614549,3,87
1762758614650,3,87
1762758614751,3,87
1762758614852,3,87
1762758614953,3,87
1762758615053,3,87
1762758615154,3,87
1762758615255,3,87
1762758615356,3,87
1762758615457,3,87
1762758615558,3,87
1762758615659,3,87
1762758615760,3,87
1762758615861,3,87
1762758615962,3,87
1762758616063,3,87
1762758616164,3,87
1762758616264,3,87
1762758616365,3,87
1762758616466,3,87
1762758616567,3,87
1762758616668,3,87
1762758616769,3,87
1762758616870,3,87
1762758616970,3,87
1762758617071,3,87
1762758617172,3,87
1762758617273,3,87
1762758617374,3,87
1762758617475,3,87
1762758617576,3,87
1762758617676,3,87
1762758617777,3,87
1762758617878,3,87
1762758617979,3,87
1762758618080,3,87
1762758618181,3,87
1762758618282,3,87
1762758618383,3,87
1762758618483,3,87
1762758618584,3,87
1762758618685,3,87
1762758618786,3,87
1762758618887,3,87
1762758618988,3,87
1762758619089,3,87
1762758619190,3,87
1762758619291,3,87
1762758619391,3,87
1762758619492,3,87
1762758619593,3,87
1762758619694,3,87
1762758619795,3,87
1762758619896,3,87
1762758619996,3,87
1762758620097,3,87
1762758620198,3,87
1762758620299,3,87
1762758620400,3,87
1762758620501,3,87
1762758620602,3,87
1762758620702,3,87
1762758620803,3,87
1762758620904,3,87
1762758621005,3,87
1762758621106,3,87
1762758621207,3,87
1762758621308,3,87
1762758621409,3,87
1762758621509,3,87
1762758621610,3,87
1762758621711,3,87
1762758621812,3,87
1762758621913,3,87
1762758622014,3,87
1762758622115,3,87
1762758622216,3,87
1762758622317,3,87
1762758622418,3,87
1762758622518,3,87
1762758622619,3,87
1762758622720,3,87
1762758622821,3,87
1762758622922,3,87
1762758623023,3,87
1762758623124,3,87
1762758623225,3,87
1762758623326,3,87
1762758623426,3,87
1762758623527,3,87
1762758623628,3,87
1762758623729,3,87
1762758623830,3,87
1762758623931,3,87
1762758624031,3,87
1762758624132,3,87
1762758624233,3,87
1762758624334,3,87
1762758624435,3,87
1762758624536,3,87
1762758624637,3,87
1762758624737,3,87
1762758624838,3,87
1762758624939,3,87
1762758625040,3,87
1762758625141,3,87
1762758625242,3,87
1762758625343,3,87
1762758625444,3,87
1762758625545,3,87
1762758625645,3,87
1762758625746,3,87
1762758625847,3,87
1762758625948,3,87
1762758626049,3,87
1762758626150,3,87
1762758626251,3,87
1762758626352,3,87
1762758626454,3,87
1762758626555,3,87
1762758626656,3,87
1762758626757,3,87
1762758626858,3,87
1762758626959,3,87
1762758627060,3,87
1762758627160,3,87
1762758627261,3,87
1762758627362,3,87
1762758627463,3,87
1762758627564,3,87
1762758627665,3,87
1762758627766,3,87
1762758627867,3,87
1762758627968,3,87
1762758628069,3,87
1762758628169,3,87
1762758628270,3,87
1762758628371,3,87
1762758628472,3,87
1762758628573,3,87
1762758628674,3,87
1762758628775,3,87
1762758628876,3,87
1762758628976,3,87
1762758629077,3,87
1762758629178,3,87
1762758629279,3,87
1762758629380,3,87
1762758629481,3,87
1762758629582,3,87
1762758629683,3,87
1762758629784,3,87
1762758629885,3,87
1762758629986,3,87
1762758630086,3,87
1762758630187,3,87
1762758630288,3,87
1762758630389,3,87
1762758630490,3,87
1762758630591,3,87
1762758630692,3,87
1762758630793,3,87
1762758630894,3,87
1762758630994,3,87
1762758631095,3,87
1762758631196,3,87
1762758631297,3,87
1762758631398,3,87
1762758631499,3,87
1762758631600,3,87
1762758631701,3,87
1762758631802,3,87
1762758631903,3,87
1762758632004,3,87
1762758632105,3,87
1762758632206,3,87
1762758632306,3,87
1762758632407,3,87
1762758632508,3,87
1762758632609,3,87
1762758632710,3,87
1762758632811,3,87
1762758632912,3,87
1762758633020,3,87
1762758633120,3,87
1762758633221,3,87
1762758633322,3,87
1762758633423,3,87
1762758633524,3,87
1762758633625,3,87
1762758633726,3,87
1762758633826,3,87
1762758633927,3,87
1762758634028,3,87
1762758634129,3,87
1762758634230,3,87
1762758634331,3,87
1762758634432,3,87
1762758634533,3,87
1762758634634,3,87
1762758634734,3,87
1762758634835,3,87
1762758634936,3,87
1762758635039,3,87
1762758635141,3,87
1762758635242,3,87
1762758635343,3,87
1762758635444,3,87
1762758635545,3,87
1762758635646,3,87
1762758635746,3,87
1762758635847,3,87
1762758635948,3,87
1762758636049,3,87
1762758636152,3,87
1762758636253,3,87
1762758636353,3,87
1762758636454,3,87
1762758636555,3,87
1762758636656,3,87
1762758636757,3,87
1762758636857,3,87
1762758636958,3,87
1762758637059,3,87
1762758637160,3,87
1762758637261,3,87
1762758637363,3,87
1762758637464,3,87
1762758637565,3,87
1762758637666,3,87
1762758637766,3,87
1762758637867,3,87
1762758637968,3,87
1762758638069,3,87
1762758638170,3,87
1762758638271,3,87
1762758638371,3,87
1762758638472,3,87
1762758638573,3,87
1762758638674,3,87
1762758638775,3,87
1762758638876,3,87
1762758638977,3,87
1762758639077,3,87
1762758639178,3,87
1762758639279,3,87
1762758639380,3,87
1762758639481,3,87
1762758639582,3,87
1762758639683,3,87
1762758639784,3,87
1762758639885,3,87
1762758639986,3,87
1762758640087,3,87
1762758640188,3,87
1762758640288,3,87
1762758640389,3,87
1762758640490,3,87
1762758640591,3,87
1762758640692,3,87
1762758640793,3,87
1762758640893,3,87
1762758640994,3,87
1762758641095,3,87
1762758641196,3,87
1762758641297,3,87
1762758641398,3,87
1762758641499,3,87
1762758641600,3,87
1762758641701,3,87
1762758641802,3,87
1762758641903,3,87
1762758642003,3,87
1762758642104,3,87
1762758642205,3,87
1762758642306,3,87
1762758642407,3,87
1762758642508,3,87
1762758642609,3,87
1762758642710,3,87
1762758642812,3,87
1762758642913,3,87
1762758643014,3,87
1762758643116,3,87
1762758643217,3,87
1762758643318,3,87
1762758643419,3,87
1762758643520,3,87
1762758643622,3,87
1762758643723,3,87
1762758643824,3,87
1762758643926,3,87
1762758644027,3,87
1762758644128,3,87
1762758644229,3,87
1762758644330,3,87
1762758644431,3,87
1762758644532,3,87
1762758644633,3,87
1762758644734,3,87
1762758644835,3,87
1762758644936,3,87
1762758645037,3,87
1762758645138,3,87
1762758645239,3,87
1762758645340,3,87
1762758645441,3,87
1762758645541,3,87
1762758645642,3,87
1762758645743,3,87
1762758645844,3,87
1762758645945,3,87
1762758646045,3,87
1762758646146,3,87
1762758646247,3,87
1762758646348,3,87
1762758646449,3,87
1762758646549,3,87
1762758646650,3,87
1762758646751,3,87
1762758646852,3,87
1762758646953,3,87
1762758647054,3,87
1762758647155,3,87
1762758647255,3,87
1762758647357,3,87
1762758647458,3,87
1762758647559,3,87
1762758647660,3,87
1762758647761,3,87
1762758647862,3,87
1762758647963,3,87
1762758648064,3,87
1762758648165,3,87
1762758648266,3,87
1762758648367,3,87
1762758648468,3,87
1762758648569,3,87
1762758648670,3,87
1762758648771,3,87
1762758648872,3,87
1762758648973,3,87
1762758649075,3,87
1762758649176,3,87
1762758649277,3,87
1762758649378,3,87
1762758649479,3,87
1762758649580,3,87
1762758649681,3,87
1762758649782,3,87
1762758649883,3,87
1762758649985,3,87
1762758650086,3,87
1762758650187,3,87
1762758650288,3,87
1762758650389,3,87
1762758650489,3,87
1762758650590,3,87
1762758650691,3,87
1762758650791,3,87
1762758650892,3,87
1762758650993,3,87
1762758651094,3,87
1762758651195,3,87
1762758651296,3,87
1762758651397,3,87
1762758651499,3,87
1762758651600,3,87
1762758651701,3,87
1762758651802,3,87
1762758651903,3,87
1762758652004,3,87
1762758652105,3,87
1762758652206,3,87
1762758652307,3,87
1762758652408,3,87
1762758652509,3,87
1762758652610,3,87
1762758652711,3,87
1762758652812,3,87
1762758652913,3,87
1762758653014,3,87
1762758653115,3,87
1762758653216,3,87
1762758653317,3,87
1762758653419,3,87
1762758653520,3,87
1762758653621,3,87
1762758653722,3,87
1762758653823,3,87
1762758653924,3,87
1762758654025,3,87
1762758654126,3,87
1762758654226,3,87
1762758654327,3,87
1762758654428,3,87
1762758654529,3,87
1762758654630,3,87
1762758654731,3,87
1762758654832,3,87
1762758654934,3,87
1762758655035,3,87
1762758655136,3,87
1762758655237,3,87
1762758655338,3,87
1762758655439,3,87
1762758655540,3,87
1762758655641,3,87
1762758655742,3,87
1762758655843,3,87
1762758655944,3,87
1762758656046,3,87
1762758656147,3,87
1762758656248,3,87
1762758656349,3,87
1762758656450,3,87
1762758656551,3,87
1762758656652,3,87
1762758656752,3,87
1762758656853,3,87
1762758656954,3,87
1762758657055,3,87
1762758657156,3,87
1762758657257,3,87
1762758657358,3,87
1762758657459,3,87
1762758657560,3,87
1762758657661,3,87
1762758657763,3,87
1762758657864,3,87
1762758657965,3,87
1762758658066,3,87
1762758658167,3,87
1762758658269,3,87
1762758658371,3,87
1762758658472,3,87
1762758658573,3,87
1762758658675,3,87
1762758658776,3,87
1762758658877,3,87
1762758658978,3,87
1762758659079,3,87
1762758659180,3,87
1762758659281,3,87
1762758659382,3,87
1762758659483,3,87
1762758659584,3,87
1762758659685,3,87
1762758659786,3,87
1762758659886,3,87
1762758659988,3,87
1762758660089,3,87
1762758660190,3,87
1762758660291,3,87
1762758660392,3,87
1762758660493,3,87
1762758660595,3,87
1762758660696,3,87
1762758660797,3,87
1762758660898,3,87
1762758660999,3,87
1762758661100,3,87
1762758661201,3,87
1762758661302,3,87
1762758661403,3,87
1762758661504,3,87
1762758661606,3,87
1762758661706,3,87
1762758661807,3,87
1762758661908,3,87
1762758662009,3,87
1762758662110,3,87
1762758662211,3,87
1762758662312,3,87
1762758662413,3,87
1762758662514,3,87
1762758662615,3,87
1762758662716,3,87
1762758662817,3,87
1762758662918,3,87
1762758663018,3,87
1762758663119,3,87
1762758663220,3,87
1762758663320,3,87
1762758663421,3,87
1762758663523,3,87
1762758663624,3,87
1762758663725,3,87
1762758663827,3,87
1762758663928,3,87
1762758664029,3,87
1762758664130,3,87
1762758664230,3,87
1762758664331,3,87
1762758664432,3,87
1762758664533,3,87
1762758664634,3,87
1762758664735,3,87
1762758664836,3,87
1762758664937,3,87
1762758665038,3,87
1762758665139,3,87
1762758665240,3,87
1762758665341,3,87
1762758665442,3,87
1762758665542,3,87
1762758665643,3,87
1762758665744,3,87
1762758665845,3,87
1762758665946,3,87
1762758666047,3,87
1762758666147,3,87
1762758666248,3,87
1762758666349,3,87
1762758666449,3,87
1762758666550,3,87
1762758666651,3,87
1762758666752,3,87
1762758666853,3,87
1762758666953,3,87
1762758667054,3,87
1762758667155,3,87
1762758667256,3,87
1762758667356,3,87
1762758667457,3,87
1762758667558,3,87
1762758667659,3,87
1762758667760,3,87
1762758667860,3,87
1762758667962,3,87
1762758668063,3,87
1762758668164,3,87
1762758668265,3,87
1762758668366,3,87
1762758668467,3,87
1762758668568,3,87
1762758668668,3,87
1762758668769,3,87
1762758668872,3,87
1762758668973,3,87
1762758669074,3,87
1762758669175,3,87
1762758669276,3,87
1762758669377,3,87
1762758669477,3,87
1762758669578,3,87
1762758669679,3,87
1762758669780,3,87
1762758669881,3,87
1762758669981,3,87
1762758670082,3,87
1762758670183,3,87
1762758670284,3,87
1762758670385,3,87
1762758670486,3,87
1762758670586,3,87
1762758670688,3,87
1762758670789,3,87
1762758670890,3,87
1762758670990,3,87
1762758671091,3,87
1762758671192,3,87
1762758671293,3,87
1762758671394,3,87
1762758671495,3,87
1762758671596,3,87
1762758671697,3,87
1762758671798,3,87
1762758671899,3,87
1762758672001,3,87
1762758672102,3,87
1762758672203,3,87
1762758672304,3,87
1762758672405,3,87
1762758672506,3,87
1762758672607,3,87
1762758672708,3,87
1762758672809,3,87
1762758672910,3,87
1762758673011,3,87
1762758673112,3,87
1762758673213,3,87
1762758673314,3,87
1762758673415,3,87
1762758673516,3,87
1762758673617,3,87
1762758673718,3,87
1762758673820,3,87
1762758673921,3,87
1762758674021,3,87
1762758674122,3,87
1762758674223,3,87
1762758674324,3,87
1762758674425,3,87
1762758674526,3,87
1762758674627,3,87
1762758674727,3,87
1762758674828,3,87
1762758674929,3,87
1762758675030,3,87
1762758675130,3,87
1762758675231,3,87
1762758675332,3,87
1762758675433,3,87
1762758675534,3,87
1762758675635,3,87
1762758675735,3,87
1762758675836,3,87
1762758675937,3,87
1762758676038,3,87
1762758676139,3,87
1762758676240,3,87
1762758676341,3,87
1762758676442,3,87
1762758676544,3,87
1762758676645,3,87
1762758676746,3,87
1762758676847,3,87
1762758676948,3,87
1762758677049,3,87
1762758677150,3,87
1762758677251,3,87
1762758677352,3,87
1762758677453,3,87
1762758677554,3,87
1762758677655,3,87
1762758677756,3,87
1762758677857,3,87
1762758677958,3,87
1762758678059,3,87
1762758678160,3,87
1762758678261,3,87
1762758678362,3,87
1762758678463,3,87
1762758678564,3,87
1762758678666,3,87
1762758678767,3,87
1762758678868,3,87
1762758678969,3,87
1762758679070,3,87
1762758679171,3,87
1762758679272,3,87
1762758679373,3,87
1762758679474,3,87
1762758679575,3,87
1762758679676,3,87
1762758679777,3,87
1762758679877,3,87
1762758679978,3,87
1762758680079,3,87
1762758680180,3,87
1762758680281,3,87
1762758680382,3,87
1762758680483,3,87
1762758680584,3,87
1762758680686,3,87
1762758680787,3,87
1762758680888,3,87
1762758680989,3,87
1762758681090,3,87
1762758681191,3,87
1762758681292,3,87
1762758681393,3,87
1762758681494,3,87
1762758681595,3,87
1762758681696,3,87
1762758681797,3,87
1762758681898,3,87
1762758681999,3,87
1762758682100,3,87
1762758682201,3,87
1762758682302,3,87
1762758682403,3,87
1762758682504,3,87
1762758682604,3,87
1762758682706,3,87
1762758682808,3,87
1762758682909,3,87
1762758683010,3,87
1762758683111,3,87
1762758683213,3,87
1762758683313,3,87
1762758683415,3,87
1762758683516,3,87
1762758683617,3,87
1762758683718,3,87
1762758683819,3,87
1762758683920,3,87
1762758684021,3,87
1762758684122,3,87
1762758684223,3,87
1762758684324,3,87
1762758684425,3,87
1762758684526,3,87
1762758684627,3,87
1762758684728,3,87
1762758684829,3,87
1762758684930,3,87
1762758685031,3,87
1762758685132,3,87
1762758685233,3,87
1762758685334,3,87
1762758685435,3,87
1762758685536,3,87
1762758685636,3,87
1762758685737,3,87
1762758685838,3,87
1762758685939,3,87
1762758686040,3,87
1762758686140,3,87
1762758686241,3,87
1762758686342,3,87
1762758686443,3,87
1762758686544,3,87
1762758686645,3,87
1762758686746,3,87
1762758686847,3,87
1762758686948,3,87
1762758687049,3,87
1762758687150,3,87
1762758687250,3,87
1762758687351,3,87
1762758687452,3,87
1762758687553,3,87
1762758687654,3,87
1762758687755,3,87
1762758687856,3,87
1762758687958,3,87
1762758688059,3,87
1762758688160,3,87
1762758688261,3,87
1762758688362,3,87
1762758688463,3,87
1762758688564,3,87
1762758688665,3,87
1762758688766,3,87
1762758688867,3,87
1762758688968,3,87
1762758689069,3,87
1762758689170,3,87
1762758689271,3,87
1762758689372,3,87
1762758689473,3,87
1762758689573,3,87
1762758689674,3,87
1762758689775,3,87
1762758689875,3,87
1762758689976,3,87
1762758690077,3,87
1762758690177,3,87
1762758690278,3,87
1762758690379,3,87
1762758690480,3,87
1762758690581,3,87
1762758690681,3,87
1762758690782,3,87
1762758690883,3,87
1762758690984,3,87
1762758691085,3,87
1762758691186,3,87
1762758691286,3,87
1762758691387,3,87
1762758691488,3,87
1762758691589,3,87
1762758691689,3,87
1762758691790,3,87
1762758691891,3,87
1762758691992,3,87
1762758692093,3,87
1762758692194,3,87
1762758692294,3,87
1762758692396,3,87
1762758692496,3,87
1762758692597,3,87
1762758692698,3,87
1762758692799,3,87
1762758692900,3,87
1762758693000,3,87
1762758693101,3,87
1762758693202,3,87
1762758693303,3,87
1762758693404,3,87
1762758693505,3,87
1762758693606,3,87
1762758693707,3,87
1762758693807,3,87
1762758693908,3,87
1762758694009,3,87
1762758694110,3,87
1762758694211,3,87
1762758694312,3,87
1762758694412,3,87
1762758694513,3,87
1762758694614,3,87
1762758694715,3,87
1762758694815,3,87
1762758694916,3,87
1762758695017,3,87
1762758695118,3,87
1762758695218,3,87
1762758695319,3,87
1762758695420,3,87
1762758695521,3,87
1762758695622,3,87
1762758695723,3,87
1762758695824,3,87
1762758695925,3,87
1762758696026,3,87
1762758696127,3,87
1762758696228,3,87
1762758696328,3,87
1762758696429,3,87
1762758696530,3,87
1762758696631,3,87
1762758696732,3,87
1762758696833,3,87
1762758696933,3,87
1762758697034,3,87
1762758697135,3,87
1762758697236,3,87
1762758697337,3,87
1762758697437,3,87
1762758697538,3,87
1762758697639,3,87
1762758697740,3,87
1762758697841,3,87
1762758697942,3,87
1762758698042,3,87
1762758698143,3,87
1762758698244,3,87
1762758698345,3,87
1762758698446,3,87
1762758698547,3,87
1762758698647,3,87
1762758698748,3,87
1762758698849,3,87
1762758698950,3,87
1762758699050,3,87
1762758699151,3,87
1762758699252,3,87
1762758699353,3,87
1762758699454,3,87
1762758699554,3,87
1762758699655,3,87
1762758699756,3,87
1762758699857,3,87
1762758699957,3,87
1762758700058,3,87
1762758700159,3,87
1762758700260,3,87
1762758700360,3,87
1762758700461,3,87
1762758700562,3,87
1762758700663,3,87
1762758700764,3,87
1762758700864,3,87
1762758700965,3,87
1762758701066,3,87
1762758701167,3,87
1762758701268,3,87
1762758701368,3,87
1762758701469,3,87
1762758701570,3,87
1762758701671,3,87
1762758701772,3,87
1762758701873,3,87
1762758701974,3,87
1762758702075,3,87
1762758702176,3,87
1762758702277,3,87
1762758702377,3,87
1762758702478,3,87
1762758702579,3,87
1762758702680,3,87
1762758702781,3,87
1762758702881,3,87
1762758702982,3,87
1762758703083,3,87
1762758703184,3,87
1762758703285,3,87
1762758703386,3,87
1762758703487,3,87
1762758703588,3,87
1762758703689,3,87
1762758703789,3,87
1762758703890,3,87
1762758703991,3,87
1762758704092,3,87
1762758704193,3,87
1762758704294,3,87
1762758704394,3,86
1762758704495,3,87
1762758704596,3,86
1762758704696,3,87
1762758704797,3,87
1762758704899,3,87
1762758704999,3,86
1762758705100,3,87
1762758705201,3,86
1762758705302,3,86
1762758705403,3,86
1762758705504,3,86
1762758705605,3,87
1762758705705,3,87
1762758705806,3,87
1762758705907,3,87
1762758706008,3,87
1762758706109,3,87
1762758706210,3,87
1762758706311,3,87
1762758706412,3,87
1762758706513,3,87
1762758706614,3,87
1762758706716,3,87
1762758706817,3,87
1762758706917,3,87
1762758707018,3,87
1762758707119,3,87
1762758707220,3,87
1762758707321,3,87
1762758707422,3,87
1762758707523,3,87
1762758707624,3,87
1762758707724,3,87
1762758707825,3,87
1762758707926,3,87
1762758708027,3,87
1762758708128,3,87
1762758708228,3,87
1762758708329,3,87
1762758708430,3,87
1762758708531,3,87
1762758708632,3,87
1762758708733,3,87
1762758708833,3,87
1762758708934,3,87
1762758709035,3,87
1762758709136,3,87
1762758709237,3,87
1762758709338,3,87
1762758709439,3,87
1762758709540,3,87
1762758709641,3,87
1762758709741,3,87
1762758709842,3,87
1762758709943,3,87
1762758710044,3,87
1762758710145,3,87
1762758710245,3,87
1762758710348,3,87
1762758710451,3,87
1762758710552,3,87
1762758710653,3,87
1762758710754,3,87
1762758710855,3,87
1762758710956,3,87
1762758711057,3,87
1762758711158,3,87
1762758711258,3,87
1762758711359,3,87
1762758711460,3,87
1762758711561,3,87
1762758711661,3,87
1762758711762,3,87
1762758711863,3,87
1762758711965,3,87
1762758712066,3,87
1762758712166,3,87
1762758712267,3,87
1762758712368,3,87
1762758712469,3,87
1762758712570,3,87
1762758712671,3,87
1762758712771,3,87
1762758712872,3,87
1762758712973,3,87
1762758713074,3,87
1762758713175,3,87
1762758713276,3,87
1762758713377,3,87
1762758713477,3,87
1762758713578,3,87
1762758713680,3,87
1762758713780,3,87
1762758713881,3,87
1762758713982,3,87
1762758714083,3,87
1762758714184,3,87
1762758714284,3,87
1762758714385,3,87
1762758714486,3,87
1762758714587,3,87
1762758714688,3,87
1762758714789,3,87
1762758714890,3,87
1762758714990,3,87
1762758715091,3,87
1762758715192,3,87
1762758715293,3,87
1762758715394,3,87
1762758715494,3,87
1762758715595,3,87
1762758715696,3,87
1762758715797,3,87
1762758715898,3,87
1762758715999,3,87
1762758716100,3,87
1762758716200,3,87
1762758716301,3,87
1762758716402,3,87
1762758716503,3,87
1762758716604,3,87
1762758716705,3,87
1762758716805,3,87
1762758716906,3,87
1762758717007,3,87
1762758717108,3,87
1762758717208,3,87
1762758717309,3,87
1762758717410,3,87
1762758717511,3,87
1762758717612,3,87
1762758717713,3,87
1762758717814,3,87
1762758717914,3,87
1762758718015,3,87
1762758718116,3,87
1762758718217,3,87
1762758718318,3,87
1762758718419,3,87
1762758718520,3,87
1762758718621,3,87
1762758718722,3,87
1762758718823,3,87
1762758718924,3,87
1762758719025,3,87
1762758719125,3,87
1762758719226,3,87
1762758719327,3,87
1762758719428,3,87
1762758719529,3,87
1762758719630,3,87
1762758719730,3,87
1762758719831,3,87
1762758719932,3,87
1762758720033,3,87
1762758720134,3,87
1762758720236,3,87
1762758720337,3,87
1762758720437,3,87
1762758720538,3,87
1762758720639,3,87
1762758720740,3,87
1762758720841,3,87
1762758720942,3,87
1762758721042,3,87
1762758721143,3,87
1762758721244,3,87
1762758721345,3,87
1762758721446,3,87
1762758721547,3,87
1762758721648,3,87
1762758721749,3,87
1762758721849,3,87
1762758721950,3,87
1762758722051,3,87
1762758722152,3,87
1762758722253,3,87
1762758722354,3,87
1762758722456,3,87
1762758722556,3,87
1762758722657,3,87
1762758722758,3,87
1762758722859,3,87
1762758722960,3,87
1762758723062,3,87
