timestamp,event_type,order_id,side,price,quantity,details
1764045372.3178508,SENT,0,SELL,271.3949890136719,10,approved
1764045372.318165,FILLED,0,SELL,271.3949890136719,10,"fill_price=271.3949890136719, fill_qty=5"
1764045372.3184016,SENT,1,BUY,271.6700134277344,10,approved
1764045372.3231852,SENT,2,SELL,273.9703063964844,10,approved
1764045372.323608,SENT,3,BUY,274.4750061035156,10,approved
1764045372.3236895,FILLED,3,BUY,274.4750061035156,10,"fill_price=274.4750061035156, fill_qty=5"
1764045372.3259,SENT,4,SELL,275.1445007324219,10,approved
1764045372.3343272,SENT,5,BUY,269.2799987792969,10,approved
1764045372.3344638,FILLED,5,BUY,269.2799987792969,10,"fill_price=269.2799987792969, fill_qty=5"
1764045372.33467,SENT,6,SELL,268.9198913574219,10,approved
1764045372.3347719,FILLED,6,SELL,268.9198913574219,10,"fill_price=268.9198913574219, fill_qty=5"
1764045372.3371942,SENT,7,BUY,268.6700134277344,10,approved
1764045372.3373148,FILLED,7,BUY,268.6700134277344,10,"fill_price=268.6700134277344, fill_qty=5"
1764045372.3390384,SENT,8,SELL,268.8944091796875,10,approved
1764045372.3417788,SENT,9,BUY,267.75,10,approved
1764045372.3420837,SENT,10,SELL,267.2200012207031,10,approved
1764045372.3421602,FILLED,10,SELL,267.2200012207031,10,"fill_price=267.2200012207031, fill_qty=10"
1764045372.345512,SENT,11,BUY,266.375,10,approved
1764045372.34728,SENT,12,SELL,267.0599975585937,10,approved
1764045372.3473644,FILLED,12,SELL,267.0599975585937,10,"fill_price=267.0599975585937, fill_qty=5"
1764045372.3484616,SENT,13,BUY,267.5899963378906,10,approved
1764045372.348533,FILLED,13,BUY,267.5899963378906,10,"fill_price=267.5899963378906, fill_qty=10"
1764045372.3494074,SENT,14,SELL,266.17999267578125,10,approved
1764045372.3502326,SENT,15,BUY,267.751708984375,10,approved
1764045372.350303,FILLED,15,BUY,267.751708984375,10,"fill_price=267.751708984375, fill_qty=5"
1764045372.3526106,SENT,16,SELL,267.5299987792969,10,approved
1764045372.3527756,FILLED,16,SELL,267.5299987792969,10,"fill_price=267.5299987792969, fill_qty=10"
1764045372.3538918,SENT,17,BUY,268.2300109863281,10,approved
1764045372.3564196,SENT,18,SELL,268.6300048828125,10,approved
1764045372.3579085,SENT,19,BUY,268.2699890136719,10,approved
1764045372.35799,FILLED,19,BUY,268.2699890136719,10,"fill_price=268.2699890136719, fill_qty=5"
1764045372.358952,SENT,20,SELL,268.3699951171875,10,approved
1764045372.3607333,SENT,21,BUY,269.0299987792969,10,approved
1764045372.3608088,FILLED,21,BUY,269.0299987792969,10,"fill_price=269.0299987792969, fill_qty=10"
1764045372.3626678,SENT,22,SELL,270.8599853515625,10,approved
1764045372.3627856,FILLED,22,SELL,270.8599853515625,10,"fill_price=270.8599853515625, fill_qty=5"
1764045372.3647518,SENT,23,BUY,269.9949951171875,10,approved
1764045372.3648517,FILLED,23,BUY,269.9949951171875,10,"fill_price=269.9949951171875, fill_qty=10"
1764045372.365872,SENT,24,SELL,269.89990234375,10,approved
1764045372.3666399,SENT,25,BUY,270.3450012207031,10,approved
1764045372.367011,SENT,26,SELL,270.2349853515625,10,approved
1764045372.3670957,FILLED,26,SELL,270.2349853515625,10,"fill_price=270.2349853515625, fill_qty=10"
1764045372.367345,SENT,27,BUY,270.510009765625,10,approved
1764045372.3674827,FILLED,27,BUY,270.510009765625,10,"fill_price=270.510009765625, fill_qty=5"
1764045372.3688517,SENT,28,SELL,270.1199951171875,10,approved
1764045372.3689733,FILLED,28,SELL,270.1199951171875,10,"fill_price=270.1199951171875, fill_qty=10"
1764045372.37038,SENT,29,BUY,270.5350036621094,10,approved
1764045372.37121,SENT,30,SELL,269.7699890136719,10,approved
1764045372.371309,FILLED,30,SELL,269.7699890136719,10,"fill_price=269.7699890136719, fill_qty=5"
1764045372.3728235,SENT,31,BUY,269.9849853515625,10,approved
1764045372.3729048,FILLED,31,BUY,269.9849853515625,10,"fill_price=269.9849853515625, fill_qty=10"
1764045372.3740127,SENT,32,SELL,269.3800048828125,10,approved
1764045372.3740911,FILLED,32,SELL,269.3800048828125,10,"fill_price=269.3800048828125, fill_qty=10"
1764045372.3748002,SENT,33,BUY,272.9150085449219,10,approved
1764045372.3749032,FILLED,33,BUY,272.9150085449219,10,"fill_price=272.9150085449219, fill_qty=5"
1764045372.3766034,SENT,34,SELL,273.8999938964844,10,approved
1764045372.3773358,SENT,35,BUY,273.510009765625,10,approved
1764045372.377419,FILLED,35,BUY,273.510009765625,10,"fill_price=273.510009765625, fill_qty=5"
1764045372.3776047,SENT,36,SELL,273.5299987792969,10,approved
1764045372.3823314,SENT,37,BUY,268.5262145996094,10,approved
1764045372.3832905,SENT,38,SELL,267.04998779296875,10,approved
1764045372.3835094,FILLED,38,SELL,267.04998779296875,10,"fill_price=267.04998779296875, fill_qty=5"
1764045372.3851538,SENT,39,BUY,267.260009765625,10,approved
1764045372.385252,FILLED,39,BUY,267.260009765625,10,"fill_price=267.260009765625, fill_qty=5"
1764045372.3869731,SENT,40,SELL,267.4909973144531,10,approved
1764045372.3871017,FILLED,40,SELL,267.4909973144531,10,"fill_price=267.4909973144531, fill_qty=10"
1764045372.3873038,SENT,41,BUY,267.6099853515625,10,approved
1764045372.3873742,FILLED,41,BUY,267.6099853515625,10,"fill_price=267.6099853515625, fill_qty=5"
1764045372.3876207,SENT,42,SELL,267.260009765625,10,approved
1764045372.3877478,SENT,43,BUY,267.42999267578125,10,approved
1764045372.3877792,FILLED,43,BUY,267.42999267578125,10,"fill_price=267.42999267578125, fill_qty=10"
1764045372.3878882,SENT,44,SELL,267.3500061035156,10,approved
1764045372.3879147,FILLED,44,SELL,267.3500061035156,10,"fill_price=267.3500061035156, fill_qty=5"
1764045372.3879886,SENT,45,BUY,267.3500061035156,10,approved
1764045372.3880136,FILLED,45,BUY,267.3500061035156,10,"fill_price=267.3500061035156, fill_qty=10"
1764045372.388119,SENT,46,SELL,267.20001220703125,10,approved
1764045372.388144,FILLED,46,SELL,267.20001220703125,10,"fill_price=267.20001220703125, fill_qty=10"
1764045372.3893056,SENT,47,BUY,268.6549987792969,10,approved
1764045372.3893828,FILLED,47,BUY,268.6549987792969,10,"fill_price=268.6549987792969, fill_qty=5"
1764045372.393113,SENT,48,SELL,269.8599853515625,10,approved
1764045372.3932214,FILLED,48,SELL,269.8599853515625,10,"fill_price=269.8599853515625, fill_qty=5"
1764045372.393994,SENT,49,BUY,270.72711181640625,10,approved
1764045372.3940773,FILLED,49,BUY,270.72711181640625,10,"fill_price=270.72711181640625, fill_qty=5"
1764045372.3963556,SENT,50,SELL,270.57000732421875,10,approved
1764045372.397252,SENT,51,BUY,271.8900146484375,10,approved
1764045372.3973308,FILLED,51,BUY,271.8900146484375,10,"fill_price=271.8900146484375, fill_qty=5"
1764045372.3998206,SENT,52,SELL,272.4599914550781,10,approved
1764045372.3999763,FILLED,52,SELL,272.4599914550781,10,"fill_price=272.4599914550781, fill_qty=10"
1764045372.402569,SENT,53,BUY,275.0599975585937,10,approved
1764045372.402727,FILLED,53,BUY,275.0599975585937,10,"fill_price=275.0599975585937, fill_qty=5"
1764045372.404163,SENT,54,SELL,273.1199951171875,10,approved
1764045372.4042597,FILLED,54,SELL,273.1199951171875,10,"fill_price=273.1199951171875, fill_qty=10"
1764045372.4053373,SENT,55,BUY,273.8700866699219,10,approved
1764045372.4078188,SENT,56,SELL,274.885009765625,10,approved
1764045372.4079158,FILLED,56,SELL,274.885009765625,10,"fill_price=274.885009765625, fill_qty=5"
1764045372.4088504,SENT,57,BUY,275.010009765625,10,approved
1764045372.409574,SENT,58,SELL,275.0,10,approved
1764045372.4097936,SENT,59,BUY,274.99481201171875,10,approved
1764045372.4098687,FILLED,59,BUY,274.99481201171875,10,"fill_price=274.99481201171875, fill_qty=5"
1764045372.4125497,REJECTED,60,SELL,276.2200012207031,10,risk_limit
1764045372.412929,REJECTED,61,BUY,276.3399963378906,10,risk_limit
1764045372.4136894,REJECTED,62,SELL,276.04998779296875,10,risk_limit
1764045372.4147785,REJECTED,63,BUY,276.25,10,risk_limit
1764045372.4171667,REJECTED,64,SELL,275.885009765625,10,risk_limit
1764045443.7082272,SENT,0,BUY,271.4700012207031,10,approved
1764045443.7085822,SENT,1,BUY,270.5799865722656,10,approved
1764045443.708625,FILLED,1,BUY,270.5799865722656,10,"fill_price=270.5799865722656, fill_qty=10"
1764045443.70872,SENT,2,BUY,270.260009765625,10,approved
1764045443.70875,FILLED,2,BUY,270.260009765625,10,"fill_price=270.260009765625, fill_qty=10"
1764045443.7088473,SENT,3,BUY,270.2349853515625,10,approved
1764045443.7088745,FILLED,3,BUY,270.2349853515625,10,"fill_price=270.2349853515625, fill_qty=10"
1764045443.7089572,SENT,4,BUY,269.9352111816406,10,approved
1764045443.7089832,FILLED,4,BUY,269.9352111816406,10,"fill_price=269.9352111816406, fill_qty=5"
1764045443.7090554,SENT,5,BUY,270.2099914550781,10,approved
1764045443.7090812,FILLED,5,BUY,270.2099914550781,10,"fill_price=270.2099914550781, fill_qty=5"
1764045443.7097726,SENT,6,SELL,272.6600036621094,10,approved
1764045443.7098727,FILLED,6,SELL,272.6600036621094,10,"fill_price=272.6600036621094, fill_qty=5"
1764045443.7100773,SENT,7,SELL,273.0,10,approved
1764045443.7101414,FILLED,7,SELL,273.0,10,"fill_price=273.0, fill_qty=5"
1764045443.714532,SENT,8,SELL,275.53759765625,10,approved
1764045443.7146728,FILLED,8,SELL,275.53759765625,10,"fill_price=275.53759765625, fill_qty=10"
1764045443.714828,SENT,9,SELL,275.6199951171875,10,approved
1764045443.714862,FILLED,9,SELL,275.6199951171875,10,"fill_price=275.6199951171875, fill_qty=5"
1764045443.714939,SENT,10,SELL,275.6050109863281,10,approved
1764045443.7149642,FILLED,10,SELL,275.6050109863281,10,"fill_price=275.6050109863281, fill_qty=5"
1764045443.7150428,SENT,11,SELL,275.64990234375,10,approved
1764045443.7150671,FILLED,11,SELL,275.64990234375,10,"fill_price=275.64990234375, fill_qty=10"
1764045443.7151368,SENT,12,SELL,275.6400146484375,10,approved
1764045443.7152088,SENT,13,SELL,275.7799987792969,10,approved
1764045443.7152803,SENT,14,SELL,275.8399963378906,10,approved
1764045443.7153845,SENT,15,SELL,275.75,10,approved
1764045443.715412,FILLED,15,SELL,275.75,10,"fill_price=275.75, fill_qty=10"
1764045443.715482,SENT,16,SELL,275.7799987792969,10,approved
1764045443.7155087,FILLED,16,SELL,275.7799987792969,10,"fill_price=275.7799987792969, fill_qty=5"
1764045443.7169018,SENT,17,BUY,274.6315002441406,10,approved
1764045443.7169821,FILLED,17,BUY,274.6315002441406,10,"fill_price=274.6315002441406, fill_qty=5"
1764045443.7170851,SENT,18,BUY,274.44000244140625,10,approved
1764045443.7171118,FILLED,18,BUY,274.44000244140625,10,"fill_price=274.44000244140625, fill_qty=5"
1764045443.7171888,SENT,19,BUY,274.3095092773437,10,approved
1764045443.7172136,FILLED,19,BUY,274.3095092773437,10,"fill_price=274.3095092773437, fill_qty=10"
1764045443.7215495,SENT,20,BUY,273.25,10,approved
1764045443.7216756,FILLED,20,BUY,273.25,10,"fill_price=273.25, fill_qty=5"
1764045443.7218113,SENT,21,BUY,273.20001220703125,10,approved
1764045443.7219377,SENT,22,BUY,273.1499938964844,10,approved
1764045443.7219822,FILLED,22,BUY,273.1499938964844,10,"fill_price=273.1499938964844, fill_qty=5"
1764045443.7222095,SENT,23,BUY,272.9659118652344,10,approved
1764045443.7223787,SENT,24,BUY,272.92498779296875,10,approved
1764045443.7224123,FILLED,24,BUY,272.92498779296875,10,"fill_price=272.92498779296875, fill_qty=5"
1764045443.7224946,SENT,25,BUY,272.989990234375,10,approved
1764045443.722522,FILLED,25,BUY,272.989990234375,10,"fill_price=272.989990234375, fill_qty=10"
1764045443.7225995,SENT,26,BUY,272.9200134277344,10,approved
1764045443.7226741,SENT,27,BUY,272.885986328125,10,approved
1764045443.7227745,FILLED,27,BUY,272.885986328125,10,"fill_price=272.885986328125, fill_qty=10"
1764045443.723542,SENT,28,BUY,272.3349914550781,10,approved
1764045443.7236185,FILLED,28,BUY,272.3349914550781,10,"fill_price=272.3349914550781, fill_qty=5"
1764045443.723979,SENT,29,BUY,267.9400939941406,10,approved
1764045443.7240472,FILLED,29,BUY,267.9400939941406,10,"fill_price=267.9400939941406, fill_qty=5"
1764045443.7241654,SENT,30,BUY,267.4599914550781,10,approved
1764045443.7242043,FILLED,30,BUY,267.4599914550781,10,"fill_price=267.4599914550781, fill_qty=10"
1764045443.724295,SENT,31,BUY,268.25,10,approved
1764045443.7243721,SENT,32,BUY,267.9891052246094,10,approved
1764045443.7244465,SENT,33,BUY,267.54901123046875,10,approved
1764045443.7245195,SENT,34,BUY,267.8099975585937,10,approved
1764045443.7246728,SENT,35,BUY,267.8999938964844,10,approved
1764045443.7247033,FILLED,35,BUY,267.8999938964844,10,"fill_price=267.8999938964844, fill_qty=10"
1764045443.7268496,SENT,36,BUY,268.2449951171875,10,approved
1764045443.7270231,SENT,37,BUY,268.17999267578125,10,approved
1764045443.7270567,FILLED,37,BUY,268.17999267578125,10,"fill_price=268.17999267578125, fill_qty=5"
1764045443.7271388,SENT,38,BUY,268.2200012207031,10,approved
1764045443.727165,FILLED,38,BUY,268.2200012207031,10,"fill_price=268.2200012207031, fill_qty=5"
1764045443.72818,SENT,39,BUY,267.3261108398437,10,approved
1764045443.728259,FILLED,39,BUY,267.3261108398437,10,"fill_price=267.3261108398437, fill_qty=5"
1764045443.7284646,SENT,40,BUY,267.0050048828125,10,approved
1764045443.728558,FILLED,40,BUY,267.0050048828125,10,"fill_price=267.0050048828125, fill_qty=10"
1764045443.7286718,SENT,41,BUY,266.75,10,approved
1764045443.7287343,FILLED,41,BUY,266.75,10,"fill_price=266.75, fill_qty=10"
1764045443.7288465,SENT,42,BUY,266.7049865722656,10,approved
1764045443.7290256,SENT,43,BUY,266.7850036621094,10,approved
1764045443.7301428,SENT,44,SELL,268.260009765625,10,approved
1764045443.730738,SENT,45,SELL,268.6973876953125,10,approved
1764045443.7308445,FILLED,45,SELL,268.6973876953125,10,"fill_price=268.6973876953125, fill_qty=10"
1764045443.7310047,SENT,46,SELL,268.6700134277344,10,approved
1764045443.7310731,FILLED,46,SELL,268.6700134277344,10,"fill_price=268.6700134277344, fill_qty=10"
1764045443.7313259,SENT,47,SELL,268.7300109863281,10,approved
1764045443.7313962,FILLED,47,SELL,268.7300109863281,10,"fill_price=268.7300109863281, fill_qty=5"
1764045443.731605,SENT,48,SELL,269.0425109863281,10,approved
1764045443.7317421,SENT,49,SELL,268.989990234375,10,approved
1764045443.7317765,FILLED,49,SELL,268.989990234375,10,"fill_price=268.989990234375, fill_qty=5"
1764045443.7318568,SENT,50,SELL,269.1099853515625,10,approved
1764045443.7318835,FILLED,50,SELL,269.1099853515625,10,"fill_price=269.1099853515625, fill_qty=5"
1764045443.7319577,SENT,51,SELL,269.19000244140625,10,approved
1764045443.7320337,SENT,52,SELL,269.239990234375,10,approved
1764045443.73206,FILLED,52,SELL,269.239990234375,10,"fill_price=269.239990234375, fill_qty=10"
1764045443.7321663,SENT,53,SELL,269.17999267578125,10,approved
1764045443.7321928,FILLED,53,SELL,269.17999267578125,10,"fill_price=269.17999267578125, fill_qty=5"
1764045443.7322664,SENT,54,SELL,269.3999938964844,10,approved
1764045443.732309,FILLED,54,SELL,269.3999938964844,10,"fill_price=269.3999938964844, fill_qty=5"
1764045443.732383,SENT,55,SELL,269.45001220703125,10,approved
1764045443.7324078,FILLED,55,SELL,269.45001220703125,10,"fill_price=269.45001220703125, fill_qty=5"
1764045443.7324812,SENT,56,SELL,269.5299072265625,10,approved
1764045443.7325082,FILLED,56,SELL,269.5299072265625,10,"fill_price=269.5299072265625, fill_qty=5"
1764045443.7325826,SENT,57,SELL,269.4349975585937,10,approved
1764045443.7326078,FILLED,57,SELL,269.4349975585937,10,"fill_price=269.4349975585937, fill_qty=5"
1764045443.734522,SENT,58,BUY,267.885009765625,10,approved
1764045443.7346008,FILLED,58,BUY,267.885009765625,10,"fill_price=267.885009765625, fill_qty=5"
1764045443.7347293,SENT,59,BUY,267.8900146484375,10,approved
1764045443.7347727,FILLED,59,BUY,267.8900146484375,10,"fill_price=267.8900146484375, fill_qty=5"
1764045443.7348661,REJECTED,60,BUY,267.760009765625,10,risk_limit
1764045443.734941,REJECTED,61,BUY,267.75,10,risk_limit
1764045443.7350602,REJECTED,62,BUY,267.7349853515625,10,risk_limit
1764045443.7351413,REJECTED,63,BUY,267.63641357421875,10,risk_limit
1764045443.7352157,REJECTED,64,BUY,267.6300048828125,10,risk_limit
1764045443.7352884,REJECTED,65,BUY,267.6700134277344,10,risk_limit
1764045443.7353616,REJECTED,66,BUY,267.6434936523437,10,risk_limit
1764045443.735433,REJECTED,67,BUY,267.510009765625,10,risk_limit
1764045443.7355046,REJECTED,68,BUY,267.54010009765625,10,risk_limit
1764045443.7388735,REJECTED,69,BUY,266.50030517578125,10,risk_limit
1764045443.7393649,REJECTED,70,BUY,266.1700134277344,10,risk_limit
1764045443.739539,REJECTED,71,BUY,266.1099853515625,10,risk_limit
1764045443.739746,REJECTED,72,BUY,265.8504943847656,10,risk_limit
1764045443.7398846,REJECTED,73,BUY,265.79998779296875,10,risk_limit
1764045443.7399652,REJECTED,74,BUY,265.82000732421875,10,risk_limit
1764045443.7400408,REJECTED,75,BUY,265.8895874023437,10,risk_limit
1764045443.7419496,REJECTED,76,SELL,270.57989501953125,10,risk_limit
1764045443.7421253,REJECTED,77,SELL,269.57501220703125,10,risk_limit
1764045443.7479732,REJECTED,78,BUY,266.61090087890625,10,risk_limit
1764045443.7481744,REJECTED,79,BUY,266.6000061035156,10,risk_limit
1764045443.7485976,REJECTED,80,SELL,268.44000244140625,10,risk_limit
1764045443.7543416,REJECTED,81,BUY,266.92999267578125,10,risk_limit
1764045443.754533,REJECTED,82,BUY,266.59100341796875,10,risk_limit
1764045443.7547345,REJECTED,83,BUY,266.54998779296875,10,risk_limit
1764045443.7549582,REJECTED,84,BUY,266.1600036621094,10,risk_limit
1764045443.755586,REJECTED,85,SELL,269.45001220703125,10,risk_limit
1764045443.7557747,REJECTED,86,SELL,269.7300109863281,10,risk_limit
1764045443.756227,REJECTED,87,SELL,270.3999938964844,10,risk_limit
1764045443.7563996,REJECTED,88,SELL,270.50640869140625,10,risk_limit
1764045443.7565417,REJECTED,89,SELL,270.885009765625,10,risk_limit
1764045443.7566228,REJECTED,90,SELL,271.0899963378906,10,risk_limit
1764045443.7569792,REJECTED,91,SELL,271.29998779296875,10,risk_limit
1764045443.7575312,REJECTED,92,SELL,272.0199890136719,10,risk_limit
1764045443.7587397,REJECTED,93,BUY,270.0950012207031,10,risk_limit
1764045443.759194,REJECTED,94,BUY,269.7149963378906,10,risk_limit
1764045443.7593722,REJECTED,95,BUY,269.5799865722656,10,risk_limit
1764045443.759516,REJECTED,96,BUY,269.5899963378906,10,risk_limit
1764045443.7596512,REJECTED,97,BUY,269.5599975585937,10,risk_limit
1764045443.7598217,REJECTED,98,BUY,269.3949890136719,10,risk_limit
1764045443.7635975,REJECTED,99,SELL,271.114990234375,10,risk_limit
1764045443.7639809,REJECTED,100,SELL,271.2799987792969,10,risk_limit
1764045443.7641265,REJECTED,101,SELL,271.2699890136719,10,risk_limit
1764045443.7663884,REJECTED,102,BUY,269.7699890136719,10,risk_limit
1764045443.7665336,REJECTED,103,BUY,269.6600036621094,10,risk_limit
1764045443.7666137,REJECTED,104,BUY,269.7099914550781,10,risk_limit
1764045443.7667043,REJECTED,105,BUY,269.6700134277344,10,risk_limit
1764045443.7667966,REJECTED,106,BUY,269.739990234375,10,risk_limit
1764045443.7668664,REJECTED,107,BUY,269.625,10,risk_limit
1764045443.766938,REJECTED,108,BUY,269.58319091796875,10,risk_limit
1764045443.7670112,REJECTED,109,BUY,269.5249938964844,10,risk_limit
1764045443.7670827,REJECTED,110,BUY,269.510009765625,10,risk_limit
1764045443.7671998,REJECTED,111,BUY,269.5950012207031,10,risk_limit
1764045443.7672808,REJECTED,112,BUY,269.489990234375,10,risk_limit
1764045443.7673547,REJECTED,113,BUY,269.385498046875,10,risk_limit
1764045443.7686522,REJECTED,114,SELL,270.2950134277344,10,risk_limit
1764045443.768797,REJECTED,115,SELL,270.54998779296875,10,risk_limit
1764045443.7688801,REJECTED,116,SELL,270.6099853515625,10,risk_limit
1764045443.7689552,REJECTED,117,SELL,270.5133972167969,10,risk_limit
1764045443.7690291,REJECTED,118,SELL,270.489990234375,10,risk_limit
1764045443.76995,REJECTED,119,BUY,269.125,10,risk_limit
1764045443.7700925,REJECTED,120,BUY,268.9198913574219,10,risk_limit
1764045443.770227,REJECTED,121,BUY,268.8800048828125,10,risk_limit
1764045443.77037,REJECTED,122,BUY,268.9349975585937,10,risk_limit
1764045443.7705092,REJECTED,123,BUY,268.70001220703125,10,risk_limit
1764045443.770646,REJECTED,124,BUY,268.6000061035156,10,risk_limit
1764045443.770824,REJECTED,125,BUY,268.4200134277344,10,risk_limit
1764045443.7709723,REJECTED,126,BUY,268.2449951171875,10,risk_limit
1764045443.7711296,REJECTED,127,BUY,268.2250061035156,10,risk_limit
1764045443.771326,REJECTED,128,BUY,268.2300109863281,10,risk_limit
1764045443.771592,REJECTED,129,SELL,273.32000732421875,10,risk_limit
1764045443.7717412,REJECTED,130,SELL,273.3800048828125,10,risk_limit
1764045443.7718482,REJECTED,131,SELL,272.3900146484375,10,risk_limit
1764045443.7719648,REJECTED,132,SELL,272.635009765625,10,risk_limit
1764045443.7720904,REJECTED,133,SELL,272.5450134277344,10,risk_limit
1764045443.7721713,REJECTED,134,SELL,273.1099853515625,10,risk_limit
1764045443.7722456,REJECTED,135,SELL,272.9150085449219,10,risk_limit
1764045443.7724211,REJECTED,136,SELL,273.9100036621094,10,risk_limit
1764045443.772568,REJECTED,137,SELL,273.8500061035156,10,risk_limit
1764045443.7726853,REJECTED,138,SELL,274.2391052246094,10,risk_limit
1764045443.7728148,REJECTED,139,SELL,274.8645935058594,10,risk_limit
1764045443.7729583,REJECTED,140,SELL,274.8951110839844,10,risk_limit
1764045443.7731113,REJECTED,141,SELL,274.9346008300781,10,risk_limit
1764045443.7732382,REJECTED,142,SELL,275.2835998535156,10,risk_limit
1764045443.7733202,REJECTED,143,SELL,275.3944091796875,10,risk_limit
1764045443.7733943,REJECTED,144,SELL,275.0450134277344,10,risk_limit
1764045443.7734659,REJECTED,145,SELL,275.0450134277344,10,risk_limit
1764045443.773564,REJECTED,146,SELL,275.010009765625,10,risk_limit
1764045443.7762618,REJECTED,147,BUY,272.340087890625,10,risk_limit
1764045443.7766473,REJECTED,148,BUY,272.2749938964844,10,risk_limit
1764045443.7768805,REJECTED,149,BUY,272.3070983886719,10,risk_limit
1764045443.7770984,REJECTED,150,BUY,272.1000061035156,10,risk_limit
1764045443.7773383,REJECTED,151,BUY,272.1099853515625,10,risk_limit
1764045443.7775927,REJECTED,152,BUY,272.07000732421875,10,risk_limit
1764045443.7778392,REJECTED,153,BUY,272.1395874023437,10,risk_limit
1764045443.7779994,REJECTED,154,BUY,272.0,10,risk_limit
1764045443.7780888,REJECTED,155,BUY,271.8999938964844,10,risk_limit
1764045443.778166,REJECTED,156,BUY,271.94000244140625,10,risk_limit
1764045443.778429,REJECTED,157,BUY,271.3299865722656,10,risk_limit
1764045443.7785823,REJECTED,158,BUY,271.3699951171875,10,risk_limit
1764045443.7788095,REJECTED,159,BUY,271.25,10,risk_limit
1764045443.7789679,REJECTED,160,BUY,271.07501220703125,10,risk_limit
1764045443.779154,REJECTED,161,BUY,271.1610107421875,10,risk_limit
1764045443.77929,REJECTED,162,BUY,271.0199890136719,10,risk_limit
1764045443.7799072,REJECTED,163,BUY,269.8450012207031,10,risk_limit
1764045443.780044,REJECTED,164,BUY,269.6700134277344,10,risk_limit
1764045443.7801256,REJECTED,165,BUY,269.6700134277344,10,risk_limit
1764045443.7802007,REJECTED,166,BUY,269.5111999511719,10,risk_limit
1764045443.7802763,REJECTED,167,BUY,269.3489990234375,10,risk_limit
1764045443.7803476,REJECTED,168,BUY,269.3099975585937,10,risk_limit
1764045443.7819576,REJECTED,169,BUY,267.1700134277344,10,risk_limit
1764045443.7820895,REJECTED,170,BUY,267.1400146484375,10,risk_limit
1764045443.7826025,REJECTED,171,SELL,269.1600036621094,10,risk_limit
1764045443.78375,REJECTED,172,BUY,267.04998779296875,10,risk_limit
1764045443.7840023,REJECTED,173,BUY,266.69000244140625,10,risk_limit
1764045443.7843218,REJECTED,174,BUY,266.5599975585937,10,risk_limit
1764045443.7881184,REJECTED,175,BUY,265.9949951171875,10,risk_limit
1764045443.789066,REJECTED,176,SELL,269.32501220703125,10,risk_limit
1764045443.7903733,REJECTED,177,SELL,270.0600891113281,10,risk_limit
1764045443.791441,REJECTED,178,SELL,271.19500732421875,10,risk_limit
1764045443.7915947,REJECTED,179,SELL,271.385009765625,10,risk_limit
1764045443.7966537,REJECTED,180,SELL,271.739990234375,10,risk_limit
1764045443.7968554,REJECTED,181,SELL,271.8900146484375,10,risk_limit
1764045443.7969434,REJECTED,182,SELL,271.8999938964844,10,risk_limit
1764045443.7970207,REJECTED,183,SELL,271.8299865722656,10,risk_limit
1764045443.797131,REJECTED,184,SELL,271.8399963378906,10,risk_limit
1764045443.7972054,REJECTED,185,SELL,271.9599914550781,10,risk_limit
1764045443.7973325,REJECTED,186,SELL,271.92999267578125,10,risk_limit
1764045443.7976086,REJECTED,187,SELL,272.3999938964844,10,risk_limit
1764045443.7977524,REJECTED,188,SELL,272.8699951171875,10,risk_limit
1764045443.7978914,REJECTED,189,SELL,272.8450012207031,10,risk_limit
1764045443.7980454,REJECTED,190,SELL,272.7300109863281,10,risk_limit
1764045443.7981806,REJECTED,191,SELL,273.0150146484375,10,risk_limit
1764045443.7983496,REJECTED,192,SELL,272.8699951171875,10,risk_limit
1764045443.8013,REJECTED,193,BUY,271.45001220703125,10,risk_limit
1764045443.8014638,REJECTED,194,BUY,271.3699951171875,10,risk_limit
1764045443.8015509,REJECTED,195,BUY,271.2749938964844,10,risk_limit
1764045443.8016276,REJECTED,196,BUY,271.2799987792969,10,risk_limit
1764045443.801701,REJECTED,197,BUY,271.0599975585937,10,risk_limit
1764045443.802782,REJECTED,198,SELL,273.9848022460937,10,risk_limit
1764045443.8029613,REJECTED,199,SELL,274.6050109863281,10,risk_limit
1764045443.8030453,REJECTED,200,SELL,275.0599975585937,10,risk_limit
1764045443.8031209,REJECTED,201,SELL,275.04998779296875,10,risk_limit
1764045443.8031938,REJECTED,202,SELL,275.3251037597656,10,risk_limit
1764045443.8032982,REJECTED,203,SELL,275.5,10,risk_limit
1764045443.8033905,REJECTED,204,SELL,275.0687866210937,10,risk_limit
1764045443.8034673,REJECTED,205,SELL,274.94000244140625,10,risk_limit
1764045443.8035433,REJECTED,206,SELL,275.07000732421875,10,risk_limit
1764045443.8036563,REJECTED,207,SELL,275.0599975585937,10,risk_limit
1764045443.8065073,REJECTED,208,SELL,274.94000244140625,10,risk_limit
1764045443.8067348,REJECTED,209,SELL,275.0362854003906,10,risk_limit
1764045443.806864,REJECTED,210,SELL,275.0,10,risk_limit
1764045443.8069444,REJECTED,211,SELL,274.94500732421875,10,risk_limit
1764045443.8070183,REJECTED,212,SELL,275.05499267578125,10,risk_limit
1764045443.8070936,REJECTED,213,SELL,275.0899963378906,10,risk_limit
1764045443.8071656,REJECTED,214,SELL,275.04998779296875,10,risk_limit
1764045443.8072402,REJECTED,215,SELL,275.0849914550781,10,risk_limit
1764045443.8073556,REJECTED,216,SELL,275.1199951171875,10,risk_limit
1764045443.8074744,REJECTED,217,SELL,275.1029968261719,10,risk_limit
1764045443.8079038,REJECTED,218,SELL,275.3800048828125,10,risk_limit
1764045443.8092844,REJECTED,219,BUY,274.4700012207031,10,risk_limit
1764045443.81176,REJECTED,220,SELL,275.5849914550781,10,risk_limit
1764045443.8119252,REJECTED,221,SELL,275.57000732421875,10,risk_limit
1764045443.812011,REJECTED,222,SELL,275.6499938964844,10,risk_limit
1764045443.8120868,REJECTED,223,SELL,275.6581115722656,10,risk_limit
1764045443.8122935,REJECTED,224,SELL,275.7200012207031,10,risk_limit
1764045443.8124273,REJECTED,225,SELL,275.94500732421875,10,risk_limit
1764045443.8125083,REJECTED,226,SELL,276.25,10,risk_limit
1764045443.8125842,REJECTED,227,SELL,276.1700134277344,10,risk_limit
1764045443.8128393,REJECTED,228,SELL,276.3299865722656,10,risk_limit
1764045443.812972,REJECTED,229,SELL,276.3450012207031,10,risk_limit
1764045443.8130517,REJECTED,230,SELL,276.3999938964844,10,risk_limit
1764045443.8131244,REJECTED,231,SELL,276.4171142578125,10,risk_limit
1764045443.816641,REJECTED,232,SELL,276.55841064453125,10,risk_limit
1764045443.8173985,REJECTED,233,SELL,276.7500915527344,10,risk_limit
1764045443.817542,REJECTED,234,SELL,276.8550109863281,10,risk_limit
1764045443.8176293,REJECTED,235,SELL,276.885009765625,10,risk_limit
1764045443.8180408,REJECTED,236,BUY,275.69000244140625,10,risk_limit
1764045443.81821,REJECTED,237,BUY,275.2727966308594,10,risk_limit
1764045511.805451,SENT,0,SELL,271.3949890136719,10,approved
1764045511.8057268,SENT,1,BUY,271.6700134277344,10,approved
1764045511.8057685,FILLED,1,BUY,271.6700134277344,10,"fill_price=271.6700134277344, fill_qty=5"
1764045511.80974,SENT,2,SELL,273.9703063964844,10,approved
1764045511.8101575,SENT,3,BUY,274.4750061035156,10,approved
1764045511.8126295,SENT,4,SELL,275.1445007324219,10,approved
1764045511.8127594,FILLED,4,SELL,275.1445007324219,10,"fill_price=275.1445007324219, fill_qty=10"
1764045511.820411,SENT,5,BUY,269.2799987792969,10,approved
1764045511.8205245,FILLED,5,BUY,269.2799987792969,10,"fill_price=269.2799987792969, fill_qty=5"
1764045511.8207378,SENT,6,SELL,268.9198913574219,10,approved
1764045511.8208127,FILLED,6,SELL,268.9198913574219,10,"fill_price=268.9198913574219, fill_qty=5"
1764045511.8231611,SENT,7,BUY,268.6700134277344,10,approved
1764045511.8232613,FILLED,7,BUY,268.6700134277344,10,"fill_price=268.6700134277344, fill_qty=5"
1764045511.825161,SENT,8,SELL,268.8944091796875,10,approved
1764045511.8252826,FILLED,8,SELL,268.8944091796875,10,"fill_price=268.8944091796875, fill_qty=5"
1764045511.8282459,SENT,9,BUY,267.75,10,approved
1764045511.8285058,FILLED,9,BUY,267.75,10,"fill_price=267.75, fill_qty=10"
1764045511.829062,SENT,10,SELL,267.2200012207031,10,approved
1764045511.8324077,SENT,11,BUY,266.375,10,approved
1764045511.8325264,FILLED,11,BUY,266.375,10,"fill_price=266.375, fill_qty=5"
1764045511.8342443,SENT,12,SELL,267.0599975585937,10,approved
1764045511.835524,SENT,13,BUY,267.5899963378906,10,approved
1764045511.835619,FILLED,13,BUY,267.5899963378906,10,"fill_price=267.5899963378906, fill_qty=5"
1764045511.8365865,SENT,14,SELL,266.17999267578125,10,approved
1764045511.837479,SENT,15,BUY,267.751708984375,10,approved
1764045511.8375547,FILLED,15,BUY,267.751708984375,10,"fill_price=267.751708984375, fill_qty=10"
1764045511.8395112,SENT,16,SELL,267.5299987792969,10,approved
1764045511.8396134,FILLED,16,SELL,267.5299987792969,10,"fill_price=267.5299987792969, fill_qty=10"
1764045511.840708,SENT,17,BUY,268.2300109863281,10,approved
1764045511.8408244,FILLED,17,BUY,268.2300109863281,10,"fill_price=268.2300109863281, fill_qty=10"
1764045511.8432965,SENT,18,SELL,268.6300048828125,10,approved
1764045511.843439,FILLED,18,SELL,268.6300048828125,10,"fill_price=268.6300048828125, fill_qty=10"
1764045511.8450537,SENT,19,BUY,268.2699890136719,10,approved
1764045511.8451574,FILLED,19,BUY,268.2699890136719,10,"fill_price=268.2699890136719, fill_qty=10"
1764045511.8461142,SENT,20,SELL,268.3699951171875,10,approved
1764045511.8461912,FILLED,20,SELL,268.3699951171875,10,"fill_price=268.3699951171875, fill_qty=5"
1764045511.848035,SENT,21,BUY,269.0299987792969,10,approved
1764045511.8481326,FILLED,21,BUY,269.0299987792969,10,"fill_price=269.0299987792969, fill_qty=5"
1764045511.8501637,SENT,22,SELL,270.8599853515625,10,approved
1764045511.8503132,FILLED,22,SELL,270.8599853515625,10,"fill_price=270.8599853515625, fill_qty=10"
1764045511.8522735,SENT,23,BUY,269.9949951171875,10,approved
1764045511.8523796,FILLED,23,BUY,269.9949951171875,10,"fill_price=269.9949951171875, fill_qty=5"
1764045511.8533902,SENT,24,SELL,269.89990234375,10,approved
1764045511.8541617,SENT,25,BUY,270.3450012207031,10,approved
1764045511.8542385,FILLED,25,BUY,270.3450012207031,10,"fill_price=270.3450012207031, fill_qty=5"
1764045511.854564,SENT,26,SELL,270.2349853515625,10,approved
1764045511.8546526,FILLED,26,SELL,270.2349853515625,10,"fill_price=270.2349853515625, fill_qty=10"
1764045511.8548632,SENT,27,BUY,270.510009765625,10,approved
1764045511.8549507,FILLED,27,BUY,270.510009765625,10,"fill_price=270.510009765625, fill_qty=10"
1764045511.856183,SENT,28,SELL,270.1199951171875,10,approved
1764045511.8575046,SENT,29,BUY,270.5350036621094,10,approved
1764045511.8576558,FILLED,29,BUY,270.5350036621094,10,"fill_price=270.5350036621094, fill_qty=5"
1764045511.8583944,SENT,30,SELL,269.7699890136719,10,approved
1764045511.858479,FILLED,30,SELL,269.7699890136719,10,"fill_price=269.7699890136719, fill_qty=5"
1764045511.860922,SENT,31,BUY,269.9849853515625,10,approved
1764045511.861072,FILLED,31,BUY,269.9849853515625,10,"fill_price=269.9849853515625, fill_qty=10"
1764045511.8622258,SENT,32,SELL,269.3800048828125,10,approved
1764045511.8630488,SENT,33,BUY,272.9150085449219,10,approved
1764045511.8648252,SENT,34,SELL,273.8999938964844,10,approved
1764045511.865617,SENT,35,BUY,273.510009765625,10,approved
1764045511.8658664,SENT,36,SELL,273.5299987792969,10,approved
1764045511.8704727,SENT,37,BUY,268.5262145996094,10,approved
1764045511.8715045,SENT,38,SELL,267.04998779296875,10,approved
1764045511.8731225,SENT,39,BUY,267.260009765625,10,approved
1764045511.8750238,SENT,40,SELL,267.4909973144531,10,approved
1764045511.8751512,FILLED,40,SELL,267.4909973144531,10,"fill_price=267.4909973144531, fill_qty=5"
1764045511.8753679,SENT,41,BUY,267.6099853515625,10,approved
1764045511.87564,SENT,42,SELL,267.260009765625,10,approved
1764045511.8757124,FILLED,42,SELL,267.260009765625,10,"fill_price=267.260009765625, fill_qty=5"
1764045511.87584,SENT,43,BUY,267.42999267578125,10,approved
1764045511.8759074,FILLED,43,BUY,267.42999267578125,10,"fill_price=267.42999267578125, fill_qty=10"
1764045511.8763256,SENT,44,SELL,267.3500061035156,10,approved
1764045511.8766487,SENT,45,BUY,267.3500061035156,10,approved
1764045511.8767478,FILLED,45,BUY,267.3500061035156,10,"fill_price=267.3500061035156, fill_qty=10"
1764045511.87697,SENT,46,SELL,267.20001220703125,10,approved
1764045511.8770514,FILLED,46,SELL,267.20001220703125,10,"fill_price=267.20001220703125, fill_qty=10"
1764045511.8784013,SENT,47,BUY,268.6549987792969,10,approved
1764045511.8823245,SENT,48,SELL,269.8599853515625,10,approved
1764045511.8824732,FILLED,48,SELL,269.8599853515625,10,"fill_price=269.8599853515625, fill_qty=10"
1764045511.8831956,SENT,49,BUY,270.72711181640625,10,approved
1764045511.8832927,FILLED,49,BUY,270.72711181640625,10,"fill_price=270.72711181640625, fill_qty=5"
1764045511.8855958,SENT,50,SELL,270.57000732421875,10,approved
1764045511.8865988,SENT,51,BUY,271.8900146484375,10,approved
1764045511.8867228,FILLED,51,BUY,271.8900146484375,10,"fill_price=271.8900146484375, fill_qty=5"
1764045511.8889673,SENT,52,SELL,272.4599914550781,10,approved
1764045511.8890522,FILLED,52,SELL,272.4599914550781,10,"fill_price=272.4599914550781, fill_qty=10"
1764045511.8918822,SENT,53,BUY,275.0599975585937,10,approved
1764045511.8920338,FILLED,53,BUY,275.0599975585937,10,"fill_price=275.0599975585937, fill_qty=5"
1764045511.8934033,SENT,54,SELL,273.1199951171875,10,approved
1764045511.8946302,SENT,55,BUY,273.8700866699219,10,approved
1764045511.894741,FILLED,55,BUY,273.8700866699219,10,"fill_price=273.8700866699219, fill_qty=10"
1764045511.8971486,SENT,56,SELL,274.885009765625,10,approved
1764045511.897234,FILLED,56,SELL,274.885009765625,10,"fill_price=274.885009765625, fill_qty=10"
1764045511.8981292,SENT,57,BUY,275.010009765625,10,approved
1764045511.8982105,FILLED,57,BUY,275.010009765625,10,"fill_price=275.010009765625, fill_qty=5"
1764045511.8989732,SENT,58,SELL,275.0,10,approved
1764045511.8990772,FILLED,58,SELL,275.0,10,"fill_price=275.0, fill_qty=10"
1764045511.8992803,SENT,59,BUY,274.99481201171875,10,approved
1764045511.8993642,FILLED,59,BUY,274.99481201171875,10,"fill_price=274.99481201171875, fill_qty=5"
1764045511.9021096,REJECTED,60,SELL,276.2200012207031,10,risk_limit
1764045511.9025316,REJECTED,61,BUY,276.3399963378906,10,risk_limit
1764045511.9033449,REJECTED,62,SELL,276.04998779296875,10,risk_limit
1764045511.9044714,REJECTED,63,BUY,276.25,10,risk_limit
1764045511.90627,REJECTED,64,SELL,275.885009765625,10,risk_limit
1764045643.3243008,SENT,0,SELL,267.9400939941406,10,approved
1764045643.337376,SENT,1,BUY,270.57989501953125,10,approved
1764045713.1517224,SENT,0,SELL,267.9400939941406,10,approved
1764045713.151945,FILLED,0,SELL,267.9400939941406,10,"fill_price=267.9400939941406, fill_qty=5"
1764045713.1649966,SENT,1,BUY,270.57989501953125,10,approved
1764045713.1651704,FILLED,1,BUY,270.57989501953125,10,"fill_price=270.57989501953125, fill_qty=5"
1764045730.8321915,SENT,0,SELL,267.9400939941406,10,approved
1764045730.8324037,FILLED,0,SELL,267.9400939941406,10,"fill_price=267.9400939941406, fill_qty=10"
1764045730.845714,SENT,1,BUY,270.57989501953125,10,approved
1764045730.845873,FILLED,1,BUY,270.57989501953125,10,"fill_price=270.57989501953125, fill_qty=10"
1764045772.5342155,SENT,0,SELL,270.5799865722656,5,approved
1764045772.534387,FILLED,0,SELL,270.5799865722656,5,"fill_price=270.5799865722656, fill_qty=2"
1764045772.5352829,SENT,1,BUY,271.6700134277344,5,approved
1764045772.5376987,SENT,2,SELL,273.9649963378906,5,approved
1764045772.53779,FILLED,2,SELL,273.9649963378906,5,"fill_price=273.9649963378906, fill_qty=5"
1764045772.538518,SENT,3,BUY,274.4849853515625,5,approved
1764045772.5390508,SENT,4,SELL,273.760009765625,5,approved
1764045772.5391388,FILLED,4,SELL,273.760009765625,5,"fill_price=273.760009765625, fill_qty=5"
1764045772.5398324,SENT,5,BUY,274.489990234375,5,approved
1764045772.5399065,FILLED,5,BUY,274.489990234375,5,"fill_price=274.489990234375, fill_qty=2"
1764045772.542054,SENT,6,SELL,275.4750061035156,5,approved
1764045772.5421634,FILLED,6,SELL,275.4750061035156,5,"fill_price=275.4750061035156, fill_qty=2"
1764045772.5460007,SENT,7,BUY,274.2250061035156,5,approved
1764045772.5462346,SENT,8,SELL,273.80499267578125,5,approved
1764045772.5462747,FILLED,8,SELL,273.80499267578125,5,"fill_price=273.80499267578125, fill_qty=5"
1764045772.5495088,SENT,9,BUY,270.239990234375,5,approved
1764045772.5504446,SENT,10,SELL,269.1300048828125,5,approved
1764045772.5505438,FILLED,10,SELL,269.1300048828125,5,"fill_price=269.1300048828125, fill_qty=2"
1764045772.553237,SENT,11,BUY,267.8799133300781,5,approved
1764045772.5548513,SENT,12,SELL,269.0899963378906,5,approved
1764045772.5555487,SENT,13,BUY,269.32000732421875,5,approved
1764045772.5556264,FILLED,13,BUY,269.32000732421875,5,"fill_price=269.32000732421875, fill_qty=2"
1764045772.5561378,SENT,14,SELL,268.6600036621094,5,approved
1764045772.5584786,SENT,15,BUY,267.82000732421875,5,approved
1764045772.559019,SENT,16,SELL,267.489990234375,5,approved
1764045772.5591214,FILLED,16,SELL,267.489990234375,5,"fill_price=267.489990234375, fill_qty=2"
1764045772.5618205,SENT,17,BUY,266.44000244140625,5,approved
1764045772.561903,FILLED,17,BUY,266.44000244140625,5,"fill_price=266.44000244140625, fill_qty=2"
1764045772.5641086,SENT,18,SELL,266.81500244140625,5,approved
1764045772.565308,SENT,19,BUY,267.4345092773437,5,approved
1764045772.5653899,FILLED,19,BUY,267.4345092773437,5,"fill_price=267.4345092773437, fill_qty=2"
1764045772.5666506,SENT,20,SELL,266.8999938964844,5,approved
1764045772.5667992,FILLED,20,SELL,266.8999938964844,5,"fill_price=266.8999938964844, fill_qty=2"
1764045772.567585,SENT,21,BUY,267.2200012207031,5,approved
1764045772.5676572,FILLED,21,BUY,267.2200012207031,5,"fill_price=267.2200012207031, fill_qty=5"
1764045772.569719,SENT,22,SELL,267.510009765625,5,approved
1764045772.569798,FILLED,22,SELL,267.510009765625,5,"fill_price=267.510009765625, fill_qty=5"
1764045772.570674,SENT,23,BUY,268.0105895996094,5,approved
1764045772.5717795,SENT,24,SELL,268.1700134277344,5,approved
1764045772.5718622,FILLED,24,SELL,268.1700134277344,5,"fill_price=268.1700134277344, fill_qty=2"
1764045772.5727057,SENT,25,BUY,268.6199951171875,5,approved
1764045772.5742688,SENT,26,SELL,268.3575134277344,5,approved
1764045772.5743759,FILLED,26,SELL,268.3575134277344,5,"fill_price=268.3575134277344, fill_qty=5"
1764045772.575823,SENT,27,BUY,268.5849914550781,5,approved
1764045772.5759509,FILLED,27,BUY,268.5849914550781,5,"fill_price=268.5849914550781, fill_qty=5"
1764045772.5774937,SENT,28,SELL,268.2099914550781,5,approved
1764045772.5775752,FILLED,28,SELL,268.2099914550781,5,"fill_price=268.2099914550781, fill_qty=2"
1764045772.5790122,SENT,29,BUY,268.4849853515625,5,approved
1764045772.5809703,SENT,30,SELL,271.0852966308594,5,approved
1764045772.582932,SENT,31,BUY,270.0935974121094,5,approved
1764045772.5840116,SENT,32,SELL,269.9049987792969,5,approved
1764045772.584799,SENT,33,BUY,270.2164001464844,5,approved
1764045772.5848792,FILLED,33,BUY,270.2164001464844,5,"fill_price=270.2164001464844, fill_qty=5"
1764045772.585391,SENT,34,SELL,269.7349853515625,5,approved
1764045772.585466,FILLED,34,SELL,269.7349853515625,5,"fill_price=269.7349853515625, fill_qty=5"
1764045772.5856743,SENT,35,BUY,270.29998779296875,5,approved
1764045772.5869017,SENT,36,SELL,270.5299987792969,5,approved
1764045772.5869968,FILLED,36,SELL,270.5299987792969,5,"fill_price=270.5299987792969, fill_qty=5"
1764045772.587698,SENT,37,BUY,270.7799987792969,5,approved
1764045772.587774,FILLED,37,BUY,270.7799987792969,5,"fill_price=270.7799987792969, fill_qty=2"
1764045772.589674,SENT,38,SELL,270.4974060058594,5,approved
1764045772.5898323,FILLED,38,SELL,270.4974060058594,5,"fill_price=270.4974060058594, fill_qty=2"
1764045772.5911546,SENT,39,BUY,269.840087890625,5,approved
1764045772.5912573,FILLED,39,BUY,269.840087890625,5,"fill_price=269.840087890625, fill_qty=5"
1764045772.592508,SENT,40,SELL,269.7651062011719,5,approved
1764045772.593516,SENT,41,BUY,273.32000732421875,5,approved
1764045772.5936012,FILLED,41,BUY,273.32000732421875,5,"fill_price=273.32000732421875, fill_qty=5"
1764045772.5948365,SENT,42,SELL,274.24249267578125,5,approved
1764045772.5957608,SENT,43,BUY,274.2491149902344,5,approved
1764045772.5958385,FILLED,43,BUY,274.2491149902344,5,"fill_price=274.2491149902344, fill_qty=5"
1764045772.5963886,SENT,44,SELL,273.6300048828125,5,approved
1764045772.6008723,SENT,45,BUY,268.44000244140625,5,approved
1764045772.6019175,SENT,46,SELL,267.7300109863281,5,approved
1764045772.6032782,SENT,47,BUY,267.4100036621094,5,approved
1764045772.6051993,SENT,48,SELL,267.0899963378906,5,approved
1764045772.605324,FILLED,48,SELL,267.0899963378906,5,"fill_price=267.0899963378906, fill_qty=5"
1764045772.6060565,SENT,49,BUY,267.69000244140625,5,approved
1764045772.606355,SENT,50,SELL,267.0050048828125,5,approved
1764045772.606431,FILLED,50,SELL,267.0050048828125,5,"fill_price=267.0050048828125, fill_qty=2"
1764045772.6076329,SENT,51,BUY,266.965087890625,5,approved
1764045772.6077302,FILLED,51,BUY,266.965087890625,5,"fill_price=266.965087890625, fill_qty=5"
1764045772.6087756,SENT,52,SELL,268.239990234375,5,approved
1764045772.6091015,SENT,53,BUY,269.2699890136719,5,approved
1764045772.6091774,FILLED,53,BUY,269.2699890136719,5,"fill_price=269.2699890136719, fill_qty=2"
1764045772.61192,SENT,54,SELL,270.5,5,approved
1764045772.6120212,FILLED,54,SELL,270.5,5,"fill_price=270.5, fill_qty=2"
1764045772.6129515,SENT,55,BUY,270.8399963378906,5,approved
1764045772.6130302,FILLED,55,BUY,270.8399963378906,5,"fill_price=270.8399963378906, fill_qty=5"
1764045772.6138306,SENT,56,SELL,270.4200134277344,5,approved
1764045772.6139097,FILLED,56,SELL,270.4200134277344,5,"fill_price=270.4200134277344, fill_qty=5"
1764045772.6144218,SENT,57,BUY,271.1400146484375,5,approved
1764045772.6144981,FILLED,57,BUY,271.1400146484375,5,"fill_price=271.1400146484375, fill_qty=2"
1764045772.6155894,SENT,58,SELL,270.6700134277344,5,approved
1764045772.6164856,SENT,59,BUY,270.7799987792969,5,approved
1764045772.616566,FILLED,59,BUY,270.7799987792969,5,"fill_price=270.7799987792969, fill_qty=2"
1764045772.6185305,REJECTED,60,SELL,272.6600036621094,5,risk_limit
1764045772.6219866,REJECTED,61,BUY,273.1700134277344,5,risk_limit
1764045772.6230836,REJECTED,62,SELL,273.489990234375,5,risk_limit
1764045772.62381,REJECTED,63,BUY,273.79998779296875,5,risk_limit
1764045772.6264925,REJECTED,64,SELL,274.94000244140625,5,risk_limit
1764045772.6273382,REJECTED,65,BUY,275.0350036621094,5,risk_limit
1764045772.631302,REJECTED,66,SELL,276.0299987792969,5,risk_limit
1764045772.6316519,REJECTED,67,BUY,276.3299865722656,5,risk_limit
1764045772.6324668,REJECTED,68,SELL,276.0599975585937,5,risk_limit
1764045772.6336985,REJECTED,69,BUY,276.27398681640625,5,risk_limit
1764045772.63538,REJECTED,70,SELL,275.69000244140625,5,risk_limit
1764045785.8168862,SENT,0,SELL,270.5799865722656,5,approved
1764045785.817079,FILLED,0,SELL,270.5799865722656,5,"fill_price=270.5799865722656, fill_qty=2"
1764045785.8430846,SENT,1,BUY,270.57989501953125,5,approved
1764045785.8444152,SENT,2,SELL,266.2099914550781,5,approved
1764045785.844502,FILLED,2,SELL,266.2099914550781,5,"fill_price=266.2099914550781, fill_qty=2"
1764045785.8696115,SENT,3,BUY,273.32000732421875,5,approved
1764045785.8697708,FILLED,3,BUY,273.32000732421875,5,"fill_price=273.32000732421875, fill_qty=5"
1764045785.904284,SENT,4,SELL,275.79998779296875,5,approved
1764045785.904421,FILLED,4,SELL,275.79998779296875,5,"fill_price=275.79998779296875, fill_qty=2"
1764045797.277852,SENT,0,SELL,267.9400939941406,5,approved
1764045797.2780647,FILLED,0,SELL,267.9400939941406,5,"fill_price=267.9400939941406, fill_qty=5"
1764045797.29243,SENT,1,BUY,270.57989501953125,5,approved
1764045846.6968188,SENT,0,SELL,267.9400939941406,5,approved
1764045846.6970108,FILLED,0,SELL,267.9400939941406,5,"fill_price=267.9400939941406, fill_qty=2"
1764045846.7107277,SENT,1,BUY,270.57989501953125,5,approved
1764045854.6980119,SENT,0,SELL,270.5799865722656,5,approved
1764045854.6982086,FILLED,0,SELL,270.5799865722656,5,"fill_price=270.5799865722656, fill_qty=5"
1764045854.6990786,SENT,1,BUY,271.6700134277344,5,approved
1764045854.6991723,FILLED,1,BUY,271.6700134277344,5,"fill_price=271.6700134277344, fill_qty=5"
1764045854.7020326,SENT,2,SELL,273.9649963378906,5,approved
1764045854.702986,SENT,3,BUY,274.4849853515625,5,approved
1764045854.7031064,FILLED,3,BUY,274.4849853515625,5,"fill_price=274.4849853515625, fill_qty=5"
1764045854.7035792,SENT,4,SELL,273.760009765625,5,approved
1764045854.7043889,SENT,5,BUY,274.489990234375,5,approved
1764045854.7044742,FILLED,5,BUY,274.489990234375,5,"fill_price=274.489990234375, fill_qty=5"
1764045854.7065516,SENT,6,SELL,275.4750061035156,5,approved
1764045854.7066758,FILLED,6,SELL,275.4750061035156,5,"fill_price=275.4750061035156, fill_qty=5"
1764045854.7108018,SENT,7,BUY,274.2250061035156,5,approved
1764045854.7110522,SENT,8,SELL,273.80499267578125,5,approved
1764045854.7110984,FILLED,8,SELL,273.80499267578125,5,"fill_price=273.80499267578125, fill_qty=5"
1764045854.7141204,SENT,9,BUY,270.239990234375,5,approved
1764045854.7142224,FILLED,9,BUY,270.239990234375,5,"fill_price=270.239990234375, fill_qty=2"
1764045854.7149265,SENT,10,SELL,269.1300048828125,5,approved
1764045854.715009,FILLED,10,SELL,269.1300048828125,5,"fill_price=269.1300048828125, fill_qty=5"
1764045854.717785,SENT,11,BUY,267.8799133300781,5,approved
1764045854.7178771,FILLED,11,BUY,267.8799133300781,5,"fill_price=267.8799133300781, fill_qty=5"
1764045854.719835,SENT,12,SELL,269.0899963378906,5,approved
1764045854.7199855,FILLED,12,SELL,269.0899963378906,5,"fill_price=269.0899963378906, fill_qty=5"
1764045854.7207384,SENT,13,BUY,269.32000732421875,5,approved
1764045854.720826,FILLED,13,BUY,269.32000732421875,5,"fill_price=269.32000732421875, fill_qty=5"
1764045854.7212198,SENT,14,SELL,268.6600036621094,5,approved
1764045854.7240555,SENT,15,BUY,267.82000732421875,5,approved
1764045854.7241895,FILLED,15,BUY,267.82000732421875,5,"fill_price=267.82000732421875, fill_qty=2"
1764045854.724642,SENT,16,SELL,267.489990234375,5,approved
1764045854.7247238,FILLED,16,SELL,267.489990234375,5,"fill_price=267.489990234375, fill_qty=2"
1764045854.727555,SENT,17,BUY,266.44000244140625,5,approved
1764045854.7276454,FILLED,17,BUY,266.44000244140625,5,"fill_price=266.44000244140625, fill_qty=5"
1764045854.729716,SENT,18,SELL,266.81500244140625,5,approved
1764045854.7297974,FILLED,18,SELL,266.81500244140625,5,"fill_price=266.81500244140625, fill_qty=5"
1764045854.7310405,SENT,19,BUY,267.4345092773437,5,approved
1764045854.732037,SENT,20,SELL,266.8999938964844,5,approved
1764045854.7321415,FILLED,20,SELL,266.8999938964844,5,"fill_price=266.8999938964844, fill_qty=2"
1764045854.7330077,SENT,21,BUY,267.2200012207031,5,approved
1764045854.7330925,FILLED,21,BUY,267.2200012207031,5,"fill_price=267.2200012207031, fill_qty=5"
1764045854.7352324,SENT,22,SELL,267.510009765625,5,approved
1764045854.7353728,FILLED,22,SELL,267.510009765625,5,"fill_price=267.510009765625, fill_qty=5"
1764045854.7364206,SENT,23,BUY,268.0105895996094,5,approved
1764045854.7365475,FILLED,23,BUY,268.0105895996094,5,"fill_price=268.0105895996094, fill_qty=5"
1764045854.738486,SENT,24,SELL,268.1700134277344,5,approved
1764045854.7386396,FILLED,24,SELL,268.1700134277344,5,"fill_price=268.1700134277344, fill_qty=2"
1764045854.739123,SENT,25,BUY,268.6199951171875,5,approved
1764045854.7392156,FILLED,25,BUY,268.6199951171875,5,"fill_price=268.6199951171875, fill_qty=2"
1764045854.7404225,SENT,26,SELL,268.3575134277344,5,approved
1764045854.7405102,FILLED,26,SELL,268.3575134277344,5,"fill_price=268.3575134277344, fill_qty=2"
1764045854.7418447,SENT,27,BUY,268.5849914550781,5,approved
1764045854.7419395,FILLED,27,BUY,268.5849914550781,5,"fill_price=268.5849914550781, fill_qty=5"
1764045854.743551,SENT,28,SELL,268.2099914550781,5,approved
1764045854.7436426,FILLED,28,SELL,268.2099914550781,5,"fill_price=268.2099914550781, fill_qty=2"
1764045854.7451622,SENT,29,BUY,268.4849853515625,5,approved
1764045854.7452416,FILLED,29,BUY,268.4849853515625,5,"fill_price=268.4849853515625, fill_qty=2"
1764045854.7472198,SENT,30,SELL,271.0852966308594,5,approved
1764045854.7492325,SENT,31,BUY,270.0935974121094,5,approved
1764045854.7501168,SENT,32,SELL,269.9049987792969,5,approved
1764045854.750188,FILLED,32,SELL,269.9049987792969,5,"fill_price=269.9049987792969, fill_qty=5"
1764045854.7509556,SENT,33,BUY,270.2164001464844,5,approved
1764045854.7510397,FILLED,33,BUY,270.2164001464844,5,"fill_price=270.2164001464844, fill_qty=5"
1764045854.7515633,SENT,34,SELL,269.7349853515625,5,approved
1764045854.7516396,FILLED,34,SELL,269.7349853515625,5,"fill_price=269.7349853515625, fill_qty=2"
1764045854.751867,SENT,35,BUY,270.29998779296875,5,approved
1764045854.753217,SENT,36,SELL,270.5299987792969,5,approved
1764045854.753325,FILLED,36,SELL,270.5299987792969,5,"fill_price=270.5299987792969, fill_qty=5"
1764045854.7545588,SENT,37,BUY,270.7799987792969,5,approved
1764045854.75474,FILLED,37,BUY,270.7799987792969,5,"fill_price=270.7799987792969, fill_qty=5"
1764045854.7562017,SENT,38,SELL,270.4974060058594,5,approved
1764045854.7574978,SENT,39,BUY,269.840087890625,5,approved
1764045854.7588468,SENT,40,SELL,269.7651062011719,5,approved
1764045854.7589364,FILLED,40,SELL,269.7651062011719,5,"fill_price=269.7651062011719, fill_qty=5"
1764045854.759992,SENT,41,BUY,273.32000732421875,5,approved
1764045854.7600753,FILLED,41,BUY,273.32000732421875,5,"fill_price=273.32000732421875, fill_qty=2"
1764045854.7613363,SENT,42,SELL,274.24249267578125,5,approved
1764045854.7622664,SENT,43,BUY,274.2491149902344,5,approved
1764045854.762344,FILLED,43,BUY,274.2491149902344,5,"fill_price=274.2491149902344, fill_qty=5"
1764045854.762929,SENT,44,SELL,273.6300048828125,5,approved
1764045854.7630146,FILLED,44,SELL,273.6300048828125,5,"fill_price=273.6300048828125, fill_qty=5"
1764045854.7676573,SENT,45,BUY,268.44000244140625,5,approved
1764045854.767752,FILLED,45,BUY,268.44000244140625,5,"fill_price=268.44000244140625, fill_qty=5"
1764045854.7687461,SENT,46,SELL,267.7300109863281,5,approved
1764045854.7704492,SENT,47,BUY,267.4100036621094,5,approved
1764045854.7705736,FILLED,47,BUY,267.4100036621094,5,"fill_price=267.4100036621094, fill_qty=2"
1764045854.7722328,SENT,48,SELL,267.0899963378906,5,approved
1764045854.772989,SENT,49,BUY,267.69000244140625,5,approved
1764045854.7732882,SENT,50,SELL,267.0050048828125,5,approved
1764045854.7733827,FILLED,50,SELL,267.0050048828125,5,"fill_price=267.0050048828125, fill_qty=5"
1764045854.7745366,SENT,51,BUY,266.965087890625,5,approved
1764045854.775723,SENT,52,SELL,268.239990234375,5,approved
1764045854.7760634,SENT,53,BUY,269.2699890136719,5,approved
1764045854.7761388,FILLED,53,BUY,269.2699890136719,5,"fill_price=269.2699890136719, fill_qty=5"
1764045854.7790565,SENT,54,SELL,270.5,5,approved
1764045854.779147,FILLED,54,SELL,270.5,5,"fill_price=270.5, fill_qty=2"
1764045854.7801542,SENT,55,BUY,270.8399963378906,5,approved
1764045854.7810702,SENT,56,SELL,270.4200134277344,5,approved
1764045854.7811654,FILLED,56,SELL,270.4200134277344,5,"fill_price=270.4200134277344, fill_qty=5"
1764045854.781652,SENT,57,BUY,271.1400146484375,5,approved
1764045854.781727,FILLED,57,BUY,271.1400146484375,5,"fill_price=271.1400146484375, fill_qty=5"
1764045854.7829053,SENT,58,SELL,270.6700134277344,5,approved
1764045854.7829988,FILLED,58,SELL,270.6700134277344,5,"fill_price=270.6700134277344, fill_qty=5"
1764045854.7837598,SENT,59,BUY,270.7799987792969,5,approved
1764045854.7864332,REJECTED,60,SELL,272.6600036621094,5,risk_limit
1764045854.78957,REJECTED,61,BUY,273.1700134277344,5,risk_limit
1764045854.790583,REJECTED,62,SELL,273.489990234375,5,risk_limit
1764045854.7914097,REJECTED,63,BUY,273.79998779296875,5,risk_limit
1764045854.7942612,REJECTED,64,SELL,274.94000244140625,5,risk_limit
1764045854.7951014,REJECTED,65,BUY,275.0350036621094,5,risk_limit
1764045854.7992642,REJECTED,66,SELL,276.0299987792969,5,risk_limit
1764045854.7995381,REJECTED,67,BUY,276.3299865722656,5,risk_limit
1764045854.8003814,REJECTED,68,SELL,276.0599975585937,5,risk_limit
1764045854.801766,REJECTED,69,BUY,276.27398681640625,5,risk_limit
1764045854.803711,REJECTED,70,SELL,275.69000244140625,5,risk_limit
1764045863.1372006,SENT,0,SELL,270.5799865722656,5,approved
1764045863.1373699,FILLED,0,SELL,270.5799865722656,5,"fill_price=270.5799865722656, fill_qty=5"
1764045863.1381907,SENT,1,BUY,271.6700134277344,5,approved
1764045863.1414216,SENT,2,SELL,273.9649963378906,5,approved
1764045863.1415603,FILLED,2,SELL,273.9649963378906,5,"fill_price=273.9649963378906, fill_qty=2"
1764045863.142322,SENT,3,BUY,274.4849853515625,5,approved
1764045863.1423995,FILLED,3,BUY,274.4849853515625,5,"fill_price=274.4849853515625, fill_qty=2"
1764045863.1429641,SENT,4,SELL,273.760009765625,5,approved
1764045863.1430612,FILLED,4,SELL,273.760009765625,5,"fill_price=273.760009765625, fill_qty=2"
1764045863.1438155,SENT,5,BUY,274.489990234375,5,approved
1764045863.1438901,FILLED,5,BUY,274.489990234375,5,"fill_price=274.489990234375, fill_qty=2"
1764045863.1457763,SENT,6,SELL,275.4750061035156,5,approved
1764045863.1498291,SENT,7,BUY,274.2250061035156,5,approved
1764045863.150038,SENT,8,SELL,273.80499267578125,5,approved
1764045863.1500738,FILLED,8,SELL,273.80499267578125,5,"fill_price=273.80499267578125, fill_qty=5"
1764045863.1534622,SENT,9,BUY,270.239990234375,5,approved
1764045863.1536047,FILLED,9,BUY,270.239990234375,5,"fill_price=270.239990234375, fill_qty=5"
1764045863.1543214,SENT,10,SELL,269.1300048828125,5,approved
1764045863.1548777,FILLED,10,SELL,269.1300048828125,5,"fill_price=269.1300048828125, fill_qty=5"
1764045863.1585662,SENT,11,BUY,267.8799133300781,5,approved
1764045863.158665,FILLED,11,BUY,267.8799133300781,5,"fill_price=267.8799133300781, fill_qty=2"
1764045863.160502,SENT,12,SELL,269.0899963378906,5,approved
1764045863.1606045,FILLED,12,SELL,269.0899963378906,5,"fill_price=269.0899963378906, fill_qty=5"
1764045863.1612804,SENT,13,BUY,269.32000732421875,5,approved
1764045863.1613526,FILLED,13,BUY,269.32000732421875,5,"fill_price=269.32000732421875, fill_qty=2"
1764045863.1617575,SENT,14,SELL,268.6600036621094,5,approved
1764045863.1618285,FILLED,14,SELL,268.6600036621094,5,"fill_price=268.6600036621094, fill_qty=5"
1764045863.1640918,SENT,15,BUY,267.82000732421875,5,approved
1764045863.164557,SENT,16,SELL,267.489990234375,5,approved
1764045863.1646364,FILLED,16,SELL,267.489990234375,5,"fill_price=267.489990234375, fill_qty=2"
1764045863.1676362,SENT,17,BUY,266.44000244140625,5,approved
1764045863.1677508,FILLED,17,BUY,266.44000244140625,5,"fill_price=266.44000244140625, fill_qty=5"
1764045863.1702042,SENT,18,SELL,266.81500244140625,5,approved
1764045863.170479,FILLED,18,SELL,266.81500244140625,5,"fill_price=266.81500244140625, fill_qty=5"
1764045863.171996,SENT,19,BUY,267.4345092773437,5,approved
1764045863.172133,FILLED,19,BUY,267.4345092773437,5,"fill_price=267.4345092773437, fill_qty=2"
1764045863.1731982,SENT,20,SELL,266.8999938964844,5,approved
1764045863.1740425,SENT,21,BUY,267.2200012207031,5,approved
1764045863.1763458,SENT,22,SELL,267.510009765625,5,approved
1764045863.1764505,FILLED,22,SELL,267.510009765625,5,"fill_price=267.510009765625, fill_qty=2"
1764045863.1774216,SENT,23,BUY,268.0105895996094,5,approved
1764045863.1774669,FILLED,23,BUY,268.0105895996094,5,"fill_price=268.0105895996094, fill_qty=2"
1764045863.178792,SENT,24,SELL,268.1700134277344,5,approved
1764045863.178898,FILLED,24,SELL,268.1700134277344,5,"fill_price=268.1700134277344, fill_qty=5"
1764045863.1793365,SENT,25,BUY,268.6199951171875,5,approved
1764045863.1794152,FILLED,25,BUY,268.6199951171875,5,"fill_price=268.6199951171875, fill_qty=5"
1764045863.1806498,SENT,26,SELL,268.3575134277344,5,approved
1764045863.1807485,FILLED,26,SELL,268.3575134277344,5,"fill_price=268.3575134277344, fill_qty=2"
1764045863.1820953,SENT,27,BUY,268.5849914550781,5,approved
1764045863.1837585,SENT,28,SELL,268.2099914550781,5,approved
1764045863.1838553,FILLED,28,SELL,268.2099914550781,5,"fill_price=268.2099914550781, fill_qty=5"
1764045863.1854515,SENT,29,BUY,268.4849853515625,5,approved
1764045863.1855497,FILLED,29,BUY,268.4849853515625,5,"fill_price=268.4849853515625, fill_qty=5"
1764045863.1882558,SENT,30,SELL,271.0852966308594,5,approved
1764045863.1903558,SENT,31,BUY,270.0935974121094,5,approved
1764045863.190449,FILLED,31,BUY,270.0935974121094,5,"fill_price=270.0935974121094, fill_qty=2"
1764045863.1914148,SENT,32,SELL,269.9049987792969,5,approved
1764045863.1915154,FILLED,32,SELL,269.9049987792969,5,"fill_price=269.9049987792969, fill_qty=2"
1764045863.1922464,SENT,33,BUY,270.2164001464844,5,approved
1764045863.1923149,FILLED,33,BUY,270.2164001464844,5,"fill_price=270.2164001464844, fill_qty=5"
1764045863.1927953,SENT,34,SELL,269.7349853515625,5,approved
1764045863.1928632,FILLED,34,SELL,269.7349853515625,5,"fill_price=269.7349853515625, fill_qty=2"
1764045863.1930664,SENT,35,BUY,270.29998779296875,5,approved
1764045863.1942582,SENT,36,SELL,270.5299987792969,5,approved
1764045863.194338,FILLED,36,SELL,270.5299987792969,5,"fill_price=270.5299987792969, fill_qty=5"
1764045863.195197,SENT,37,BUY,270.7799987792969,5,approved
1764045863.1952927,FILLED,37,BUY,270.7799987792969,5,"fill_price=270.7799987792969, fill_qty=2"
1764045863.19674,SENT,38,SELL,270.4974060058594,5,approved
1764045863.1968184,FILLED,38,SELL,270.4974060058594,5,"fill_price=270.4974060058594, fill_qty=5"
1764045863.1980095,SENT,39,BUY,269.840087890625,5,approved
1764045863.1981237,FILLED,39,BUY,269.840087890625,5,"fill_price=269.840087890625, fill_qty=2"
1764045863.1995664,SENT,40,SELL,269.7651062011719,5,approved
1764045863.1997433,FILLED,40,SELL,269.7651062011719,5,"fill_price=269.7651062011719, fill_qty=5"
1764045863.201556,SENT,41,BUY,273.32000732421875,5,approved
1764045863.2018404,FILLED,41,BUY,273.32000732421875,5,"fill_price=273.32000732421875, fill_qty=5"
1764045863.2038453,SENT,42,SELL,274.24249267578125,5,approved
1764045863.204001,FILLED,42,SELL,274.24249267578125,5,"fill_price=274.24249267578125, fill_qty=5"
1764045863.2051535,SENT,43,BUY,274.2491149902344,5,approved
1764045863.2053046,FILLED,43,BUY,274.2491149902344,5,"fill_price=274.2491149902344, fill_qty=5"
1764045863.2061,SENT,44,SELL,273.6300048828125,5,approved
1764045863.210701,SENT,45,BUY,268.44000244140625,5,approved
1764045863.2108157,FILLED,45,BUY,268.44000244140625,5,"fill_price=268.44000244140625, fill_qty=2"
1764045863.2117972,SENT,46,SELL,267.7300109863281,5,approved
1764045863.2132053,SENT,47,BUY,267.4100036621094,5,approved
1764045863.2148228,SENT,48,SELL,267.0899963378906,5,approved
1764045863.2155797,SENT,49,BUY,267.69000244140625,5,approved
1764045863.215898,SENT,50,SELL,267.0050048828125,5,approved
1764045863.2159722,FILLED,50,SELL,267.0050048828125,5,"fill_price=267.0050048828125, fill_qty=2"
1764045863.2171948,SENT,51,BUY,266.965087890625,5,approved
1764045863.2182944,SENT,52,SELL,268.239990234375,5,approved
1764045863.2191792,SENT,53,BUY,269.2699890136719,5,approved
1764045863.219344,FILLED,53,BUY,269.2699890136719,5,"fill_price=269.2699890136719, fill_qty=2"
1764045863.2220907,SENT,54,SELL,270.5,5,approved
1764045863.2221818,FILLED,54,SELL,270.5,5,"fill_price=270.5, fill_qty=5"
1764045863.2231967,SENT,55,BUY,270.8399963378906,5,approved
1764045863.2239828,SENT,56,SELL,270.4200134277344,5,approved
1764045863.224055,FILLED,56,SELL,270.4200134277344,5,"fill_price=270.4200134277344, fill_qty=5"
1764045863.2245252,SENT,57,BUY,271.1400146484375,5,approved
1764045863.2255394,SENT,58,SELL,270.6700134277344,5,approved
1764045863.225607,FILLED,58,SELL,270.6700134277344,5,"fill_price=270.6700134277344, fill_qty=2"
1764045863.226349,SENT,59,BUY,270.7799987792969,5,approved
1764045863.2264304,FILLED,59,BUY,270.7799987792969,5,"fill_price=270.7799987792969, fill_qty=2"
1764045863.2283578,REJECTED,60,SELL,272.6600036621094,5,risk_limit
1764045863.231395,REJECTED,61,BUY,273.1700134277344,5,risk_limit
1764045863.2322466,REJECTED,62,SELL,273.489990234375,5,risk_limit
1764045863.2331014,REJECTED,63,BUY,273.79998779296875,5,risk_limit
1764045863.236272,REJECTED,64,SELL,274.94000244140625,5,risk_limit
1764045863.237178,REJECTED,65,BUY,275.0350036621094,5,risk_limit
1764045863.2414927,REJECTED,66,SELL,276.0299987792969,5,risk_limit
1764045863.2418334,REJECTED,67,BUY,276.3299865722656,5,risk_limit
1764045863.2426288,REJECTED,68,SELL,276.0599975585937,5,risk_limit
1764045863.2447004,REJECTED,69,BUY,276.27398681640625,5,risk_limit
1764045863.246358,REJECTED,70,SELL,275.69000244140625,5,risk_limit
1764045868.493546,SENT,0,SELL,270.5799865722656,5,approved
1764045868.4937768,FILLED,0,SELL,270.5799865722656,5,"fill_price=270.5799865722656, fill_qty=5"
1764045868.4949334,SENT,1,BUY,271.6700134277344,5,approved
1764045868.4984453,SENT,2,SELL,273.9649963378906,5,approved
1764045868.4985666,FILLED,2,SELL,273.9649963378906,5,"fill_price=273.9649963378906, fill_qty=5"
1764045868.4994068,SENT,3,BUY,274.4849853515625,5,approved
1764045868.4999576,SENT,4,SELL,273.760009765625,5,approved
1764045868.500048,FILLED,4,SELL,273.760009765625,5,"fill_price=273.760009765625, fill_qty=2"
1764045868.5007768,SENT,5,BUY,274.489990234375,5,approved
1764045868.5008671,FILLED,5,BUY,274.489990234375,5,"fill_price=274.489990234375, fill_qty=2"
1764045868.502825,SENT,6,SELL,275.4750061035156,5,approved
1764045868.5072691,SENT,7,BUY,274.2250061035156,5,approved
1764045868.5076265,SENT,8,SELL,273.80499267578125,5,approved
1764045868.507728,FILLED,8,SELL,273.80499267578125,5,"fill_price=273.80499267578125, fill_qty=2"
1764045868.5116973,SENT,9,BUY,270.239990234375,5,approved
1764045868.5119395,FILLED,9,BUY,270.239990234375,5,"fill_price=270.239990234375, fill_qty=2"
1764045868.5138643,SENT,10,SELL,269.1300048828125,5,approved
1764045868.514025,FILLED,10,SELL,269.1300048828125,5,"fill_price=269.1300048828125, fill_qty=2"
1764045868.5181596,SENT,11,BUY,267.8799133300781,5,approved
1764045868.5183187,FILLED,11,BUY,267.8799133300781,5,"fill_price=267.8799133300781, fill_qty=2"
1764045868.5202854,SENT,12,SELL,269.0899963378906,5,approved
1764045868.5204282,FILLED,12,SELL,269.0899963378906,5,"fill_price=269.0899963378906, fill_qty=5"
1764045868.5212255,SENT,13,BUY,269.32000732421875,5,approved
1764045868.521329,FILLED,13,BUY,269.32000732421875,5,"fill_price=269.32000732421875, fill_qty=2"
1764045868.5217543,SENT,14,SELL,268.6600036621094,5,approved
1764045868.5239685,SENT,15,BUY,267.82000732421875,5,approved
1764045868.524103,FILLED,15,BUY,267.82000732421875,5,"fill_price=267.82000732421875, fill_qty=5"
1764045868.5245256,SENT,16,SELL,267.489990234375,5,approved
1764045868.5246184,FILLED,16,SELL,267.489990234375,5,"fill_price=267.489990234375, fill_qty=5"
1764045868.5284073,SENT,17,BUY,266.44000244140625,5,approved
1764045868.530884,SENT,18,SELL,266.81500244140625,5,approved
1764045868.5322964,SENT,19,BUY,267.4345092773437,5,approved
1764045868.5324137,FILLED,19,BUY,267.4345092773437,5,"fill_price=267.4345092773437, fill_qty=2"
1764045868.533529,SENT,20,SELL,266.8999938964844,5,approved
1764045868.534449,SENT,21,BUY,267.2200012207031,5,approved
1764045868.5345635,FILLED,21,BUY,267.2200012207031,5,"fill_price=267.2200012207031, fill_qty=2"
1764045868.53686,SENT,22,SELL,267.510009765625,5,approved
1764045868.5380263,SENT,23,BUY,268.0105895996094,5,approved
1764045868.538138,FILLED,23,BUY,268.0105895996094,5,"fill_price=268.0105895996094, fill_qty=5"
1764045868.5395548,SENT,24,SELL,268.1700134277344,5,approved
1764045868.5396986,FILLED,24,SELL,268.1700134277344,5,"fill_price=268.1700134277344, fill_qty=2"
1764045868.5401518,SENT,25,BUY,268.6199951171875,5,approved
1764045868.541496,SENT,26,SELL,268.3575134277344,5,approved
1764045868.5415893,FILLED,26,SELL,268.3575134277344,5,"fill_price=268.3575134277344, fill_qty=2"
1764045868.543035,SENT,27,BUY,268.5849914550781,5,approved
1764045868.5449367,SENT,28,SELL,268.2099914550781,5,approved
1764045868.5450776,FILLED,28,SELL,268.2099914550781,5,"fill_price=268.2099914550781, fill_qty=5"
1764045868.5467486,SENT,29,BUY,268.4849853515625,5,approved
1764045868.548842,SENT,30,SELL,271.0852966308594,5,approved
1764045868.548967,FILLED,30,SELL,271.0852966308594,5,"fill_price=271.0852966308594, fill_qty=5"
1764045868.55096,SENT,31,BUY,270.0935974121094,5,approved
1764045868.5510907,FILLED,31,BUY,270.0935974121094,5,"fill_price=270.0935974121094, fill_qty=2"
1764045868.5521567,SENT,32,SELL,269.9049987792969,5,approved
1764045868.5531652,SENT,33,BUY,270.2164001464844,5,approved
1764045868.5533047,FILLED,33,BUY,270.2164001464844,5,"fill_price=270.2164001464844, fill_qty=5"
1764045868.553876,SENT,34,SELL,269.7349853515625,5,approved
1764045868.553965,FILLED,34,SELL,269.7349853515625,5,"fill_price=269.7349853515625, fill_qty=2"
1764045868.5542006,SENT,35,BUY,270.29998779296875,5,approved
1764045868.5542803,FILLED,35,BUY,270.29998779296875,5,"fill_price=270.29998779296875, fill_qty=2"
1764045868.5558128,SENT,36,SELL,270.5299987792969,5,approved
1764045868.5559533,FILLED,36,SELL,270.5299987792969,5,"fill_price=270.5299987792969, fill_qty=2"
1764045868.556728,SENT,37,BUY,270.7799987792969,5,approved
1764045868.5568318,FILLED,37,BUY,270.7799987792969,5,"fill_price=270.7799987792969, fill_qty=5"
1764045868.5583537,SENT,38,SELL,270.4974060058594,5,approved
1764045868.5584764,FILLED,38,SELL,270.4974060058594,5,"fill_price=270.4974060058594, fill_qty=2"
1764045868.560717,SENT,39,BUY,269.840087890625,5,approved
1764045868.5609338,FILLED,39,BUY,269.840087890625,5,"fill_price=269.840087890625, fill_qty=2"
1764045868.5624027,SENT,40,SELL,269.7651062011719,5,approved
1764045868.5625129,FILLED,40,SELL,269.7651062011719,5,"fill_price=269.7651062011719, fill_qty=2"
1764045868.56375,SENT,41,BUY,273.32000732421875,5,approved
1764045868.565048,SENT,42,SELL,274.24249267578125,5,approved
1764045868.566091,SENT,43,BUY,274.2491149902344,5,approved
1764045868.5662043,FILLED,43,BUY,274.2491149902344,5,"fill_price=274.2491149902344, fill_qty=2"
1764045868.5668292,SENT,44,SELL,273.6300048828125,5,approved
1764045868.566933,FILLED,44,SELL,273.6300048828125,5,"fill_price=273.6300048828125, fill_qty=2"
1764045868.5717025,SENT,45,BUY,268.44000244140625,5,approved
1764045868.572837,SENT,46,SELL,267.7300109863281,5,approved
1764045868.5729642,FILLED,46,SELL,267.7300109863281,5,"fill_price=267.7300109863281, fill_qty=2"
1764045868.5744727,SENT,47,BUY,267.4100036621094,5,approved
1764045868.5768025,SENT,48,SELL,267.0899963378906,5,approved
1764045868.5777676,SENT,49,BUY,267.69000244140625,5,approved
1764045868.5778978,FILLED,49,BUY,267.69000244140625,5,"fill_price=267.69000244140625, fill_qty=2"
1764045868.5782306,SENT,50,SELL,267.0050048828125,5,approved
1764045868.5783267,FILLED,50,SELL,267.0050048828125,5,"fill_price=267.0050048828125, fill_qty=2"
1764045868.579721,SENT,51,BUY,266.965087890625,5,approved
1764045868.5798538,FILLED,51,BUY,266.965087890625,5,"fill_price=266.965087890625, fill_qty=2"
1764045868.5811572,SENT,52,SELL,268.239990234375,5,approved
1764045868.5812879,FILLED,52,SELL,268.239990234375,5,"fill_price=268.239990234375, fill_qty=2"
1764045868.581698,SENT,53,BUY,269.2699890136719,5,approved
1764045868.5818014,FILLED,53,BUY,269.2699890136719,5,"fill_price=269.2699890136719, fill_qty=5"
1764045868.5847301,SENT,54,SELL,270.5,5,approved
1764045868.584867,FILLED,54,SELL,270.5,5,"fill_price=270.5, fill_qty=2"
1764045868.5859656,SENT,55,BUY,270.8399963378906,5,approved
1764045868.5870194,SENT,56,SELL,270.4200134277344,5,approved
1764045868.5871398,FILLED,56,SELL,270.4200134277344,5,"fill_price=270.4200134277344, fill_qty=5"
1764045868.58771,SENT,57,BUY,271.1400146484375,5,approved
1764045868.5889168,SENT,58,SELL,270.6700134277344,5,approved
1764045868.5899394,SENT,59,BUY,270.7799987792969,5,approved
1764045868.5900447,FILLED,59,BUY,270.7799987792969,5,"fill_price=270.7799987792969, fill_qty=5"
1764045868.5924296,REJECTED,60,SELL,272.6600036621094,5,risk_limit
1764045868.5960193,REJECTED,61,BUY,273.1700134277344,5,risk_limit
1764045868.5970502,REJECTED,62,SELL,273.489990234375,5,risk_limit
1764045868.59794,REJECTED,63,BUY,273.79998779296875,5,risk_limit
1764045868.6009822,REJECTED,64,SELL,274.94000244140625,5,risk_limit
1764045868.6020384,REJECTED,65,BUY,275.0350036621094,5,risk_limit
1764045868.6068025,REJECTED,66,SELL,276.0299987792969,5,risk_limit
1764045868.607391,REJECTED,67,BUY,276.3299865722656,5,risk_limit
1764045868.6082158,REJECTED,68,SELL,276.0599975585937,5,risk_limit
1764045868.6094408,REJECTED,69,BUY,276.27398681640625,5,risk_limit
1764045868.611264,REJECTED,70,SELL,275.69000244140625,5,risk_limit
1764045878.813954,SENT,0,SELL,270.5799865722656,5,approved
1764045878.8153262,SENT,1,BUY,271.6700134277344,5,approved
1764045878.8154793,FILLED,1,BUY,271.6700134277344,5,"fill_price=271.6700134277344, fill_qty=5"
1764045878.818223,SENT,2,SELL,273.9649963378906,5,approved
1764045878.8197546,SENT,3,BUY,274.4849853515625,5,approved
1764045878.8200648,FILLED,3,BUY,274.4849853515625,5,"fill_price=274.4849853515625, fill_qty=2"
1764045878.821336,SENT,4,SELL,273.760009765625,5,approved
1764045878.821522,FILLED,4,SELL,273.760009765625,5,"fill_price=273.760009765625, fill_qty=2"
1764045878.822521,SENT,5,BUY,274.489990234375,5,approved
1764045878.8226345,FILLED,5,BUY,274.489990234375,5,"fill_price=274.489990234375, fill_qty=5"
1764045878.8248832,SENT,6,SELL,275.4750061035156,5,approved
1764045878.8293753,SENT,7,BUY,274.2250061035156,5,approved
1764045878.8295424,FILLED,7,BUY,274.2250061035156,5,"fill_price=274.2250061035156, fill_qty=2"
1764045878.8297822,SENT,8,SELL,273.80499267578125,5,approved
1764045878.8298266,FILLED,8,SELL,273.80499267578125,5,"fill_price=273.80499267578125, fill_qty=5"
1764045878.8332546,SENT,9,BUY,270.239990234375,5,approved
1764045878.8340666,SENT,10,SELL,269.1300048828125,5,approved
1764045878.8341808,FILLED,10,SELL,269.1300048828125,5,"fill_price=269.1300048828125, fill_qty=5"
1764045878.8388438,SENT,11,BUY,267.8799133300781,5,approved
1764045878.8407888,SENT,12,SELL,269.0899963378906,5,approved
1764045878.8409145,FILLED,12,SELL,269.0899963378906,5,"fill_price=269.0899963378906, fill_qty=2"
1764045878.8417106,SENT,13,BUY,269.32000732421875,5,approved
1764045878.8418064,FILLED,13,BUY,269.32000732421875,5,"fill_price=269.32000732421875, fill_qty=5"
1764045878.8422062,SENT,14,SELL,268.6600036621094,5,approved
1764045878.842283,FILLED,14,SELL,268.6600036621094,5,"fill_price=268.6600036621094, fill_qty=5"
1764045878.844609,SENT,15,BUY,267.82000732421875,5,approved
1764045878.8447492,FILLED,15,BUY,267.82000732421875,5,"fill_price=267.82000732421875, fill_qty=5"
1764045878.8452933,SENT,16,SELL,267.489990234375,5,approved
1764045878.8453913,FILLED,16,SELL,267.489990234375,5,"fill_price=267.489990234375, fill_qty=5"
1764045878.8485568,SENT,17,BUY,266.44000244140625,5,approved
1764045878.8511078,SENT,18,SELL,266.81500244140625,5,approved
1764045878.8512328,FILLED,18,SELL,266.81500244140625,5,"fill_price=266.81500244140625, fill_qty=2"
1764045878.854414,SENT,19,BUY,267.4345092773437,5,approved
1764045878.8546069,FILLED,19,BUY,267.4345092773437,5,"fill_price=267.4345092773437, fill_qty=2"
1764045878.8565133,SENT,20,SELL,266.8999938964844,5,approved
1764045878.856707,FILLED,20,SELL,266.8999938964844,5,"fill_price=266.8999938964844, fill_qty=2"
1764045878.8578215,SENT,21,BUY,267.2200012207031,5,approved
1764045878.8602116,SENT,22,SELL,267.510009765625,5,approved
1764045878.8615196,SENT,23,BUY,268.0105895996094,5,approved
1764045878.863239,SENT,24,SELL,268.1700134277344,5,approved
1764045878.8633635,FILLED,24,SELL,268.1700134277344,5,"fill_price=268.1700134277344, fill_qty=2"
1764045878.8638062,SENT,25,BUY,268.6199951171875,5,approved
1764045878.8638983,FILLED,25,BUY,268.6199951171875,5,"fill_price=268.6199951171875, fill_qty=5"
1764045878.8652434,SENT,26,SELL,268.3575134277344,5,approved
1764045878.8667824,SENT,27,BUY,268.5849914550781,5,approved
1764045878.8669224,FILLED,27,BUY,268.5849914550781,5,"fill_price=268.5849914550781, fill_qty=2"
1764045878.8687212,SENT,28,SELL,268.2099914550781,5,approved
1764045878.868844,FILLED,28,SELL,268.2099914550781,5,"fill_price=268.2099914550781, fill_qty=5"
1764045878.8724797,SENT,29,BUY,268.4849853515625,5,approved
1764045878.8754768,SENT,30,SELL,271.0852966308594,5,approved
1764045878.8756483,FILLED,30,SELL,271.0852966308594,5,"fill_price=271.0852966308594, fill_qty=2"
1764045878.8778121,SENT,31,BUY,270.0935974121094,5,approved
1764045878.877963,FILLED,31,BUY,270.0935974121094,5,"fill_price=270.0935974121094, fill_qty=2"
1764045878.8791363,SENT,32,SELL,269.9049987792969,5,approved
1764045878.879272,FILLED,32,SELL,269.9049987792969,5,"fill_price=269.9049987792969, fill_qty=5"
1764045878.8802183,SENT,33,BUY,270.2164001464844,5,approved
1764045878.88113,SENT,34,SELL,269.7349853515625,5,approved
1764045878.8812985,FILLED,34,SELL,269.7349853515625,5,"fill_price=269.7349853515625, fill_qty=2"
1764045878.88178,SENT,35,BUY,270.29998779296875,5,approved
1764045878.8818963,FILLED,35,BUY,270.29998779296875,5,"fill_price=270.29998779296875, fill_qty=2"
1764045878.8833613,SENT,36,SELL,270.5299987792969,5,approved
1764045878.8835323,FILLED,36,SELL,270.5299987792969,5,"fill_price=270.5299987792969, fill_qty=2"
1764045878.88446,SENT,37,BUY,270.7799987792969,5,approved
1764045878.8863018,SENT,38,SELL,270.4974060058594,5,approved
1764045878.888821,SENT,39,BUY,269.840087890625,5,approved
1764045878.88901,FILLED,39,BUY,269.840087890625,5,"fill_price=269.840087890625, fill_qty=2"
1764045878.8905554,SENT,40,SELL,269.7651062011719,5,approved
1764045878.8918202,SENT,41,BUY,273.32000732421875,5,approved
1764045878.8919463,FILLED,41,BUY,273.32000732421875,5,"fill_price=273.32000732421875, fill_qty=2"
1764045878.8931754,SENT,42,SELL,274.24249267578125,5,approved
1764045878.893277,FILLED,42,SELL,274.24249267578125,5,"fill_price=274.24249267578125, fill_qty=2"
1764045878.894226,SENT,43,BUY,274.2491149902344,5,approved
1764045878.8950222,SENT,44,SELL,273.6300048828125,5,approved
1764045878.8951375,FILLED,44,SELL,273.6300048828125,5,"fill_price=273.6300048828125, fill_qty=2"
1764045878.899979,SENT,45,BUY,268.44000244140625,5,approved
1764045878.9001257,FILLED,45,BUY,268.44000244140625,5,"fill_price=268.44000244140625, fill_qty=2"
1764045878.9012635,SENT,46,SELL,267.7300109863281,5,approved
1764045878.9036984,SENT,47,BUY,267.4100036621094,5,approved
1764045878.9060965,SENT,48,SELL,267.0899963378906,5,approved
1764045878.9062583,FILLED,48,SELL,267.0899963378906,5,"fill_price=267.0899963378906, fill_qty=5"
1764045878.9073272,SENT,49,BUY,267.69000244140625,5,approved
1764045878.9075,FILLED,49,BUY,267.69000244140625,5,"fill_price=267.69000244140625, fill_qty=2"
1764045878.9080315,SENT,50,SELL,267.0050048828125,5,approved
1764045878.9095902,SENT,51,BUY,266.965087890625,5,approved
1764045878.90977,FILLED,51,BUY,266.965087890625,5,"fill_price=266.965087890625, fill_qty=5"
1764045878.911268,SENT,52,SELL,268.239990234375,5,approved
1764045878.9114451,FILLED,52,SELL,268.239990234375,5,"fill_price=268.239990234375, fill_qty=5"
1764045878.9120371,SENT,53,BUY,269.2699890136719,5,approved
1764045878.9156256,SENT,54,SELL,270.5,5,approved
1764045878.9157763,FILLED,54,SELL,270.5,5,"fill_price=270.5, fill_qty=2"
1764045878.9169748,SENT,55,BUY,270.8399963378906,5,approved
1764045878.917154,FILLED,55,BUY,270.8399963378906,5,"fill_price=270.8399963378906, fill_qty=5"
1764045878.9210958,SENT,56,SELL,270.4200134277344,5,approved
1764045878.921393,FILLED,56,SELL,270.4200134277344,5,"fill_price=270.4200134277344, fill_qty=5"
1764045878.9230378,SENT,57,BUY,271.1400146484375,5,approved
1764045878.923319,FILLED,57,BUY,271.1400146484375,5,"fill_price=271.1400146484375, fill_qty=5"
1764045878.9263244,SENT,58,SELL,270.6700134277344,5,approved
1764045878.9276435,SENT,59,BUY,270.7799987792969,5,approved
1764045878.9278228,FILLED,59,BUY,270.7799987792969,5,"fill_price=270.7799987792969, fill_qty=2"
1764045878.9301393,REJECTED,60,SELL,272.6600036621094,5,risk_limit
1764045878.933801,REJECTED,61,BUY,273.1700134277344,5,risk_limit
1764045878.9360602,REJECTED,62,SELL,273.489990234375,5,risk_limit
1764045878.9384234,REJECTED,63,BUY,273.79998779296875,5,risk_limit
1764045878.9415262,REJECTED,64,SELL,274.94000244140625,5,risk_limit
1764045878.942483,REJECTED,65,BUY,275.0350036621094,5,risk_limit
1764045878.9468591,REJECTED,66,SELL,276.0299987792969,5,risk_limit
1764045878.9474864,REJECTED,67,BUY,276.3299865722656,5,risk_limit
1764045878.9486554,REJECTED,68,SELL,276.0599975585937,5,risk_limit
1764045878.9500341,REJECTED,69,BUY,276.27398681640625,5,risk_limit
1764045878.9520416,REJECTED,70,SELL,275.69000244140625,5,risk_limit
1764045883.739827,SENT,0,SELL,270.5799865722656,5,approved
1764045883.7408364,SENT,1,BUY,271.6700134277344,5,approved
1764045883.7434964,SENT,2,SELL,273.9649963378906,5,approved
1764045883.7435956,FILLED,2,SELL,273.9649963378906,5,"fill_price=273.9649963378906, fill_qty=5"
1764045883.7443252,SENT,3,BUY,274.4849853515625,5,approved
1764045883.7444098,FILLED,3,BUY,274.4849853515625,5,"fill_price=274.4849853515625, fill_qty=5"
1764045883.744925,SENT,4,SELL,273.760009765625,5,approved
1764045883.7456875,SENT,5,BUY,274.489990234375,5,approved
1764045883.7457743,FILLED,5,BUY,274.489990234375,5,"fill_price=274.489990234375, fill_qty=5"
1764045883.7477105,SENT,6,SELL,275.4750061035156,5,approved
1764045883.7478018,FILLED,6,SELL,275.4750061035156,5,"fill_price=275.4750061035156, fill_qty=2"
1764045883.7518904,SENT,7,BUY,274.2250061035156,5,approved
1764045883.7520623,FILLED,7,BUY,274.2250061035156,5,"fill_price=274.2250061035156, fill_qty=2"
1764045883.7523708,SENT,8,SELL,273.80499267578125,5,approved
1764045883.7525022,FILLED,8,SELL,273.80499267578125,5,"fill_price=273.80499267578125, fill_qty=5"
1764045883.7573886,SENT,9,BUY,270.239990234375,5,approved
1764045883.7583642,SENT,10,SELL,269.1300048828125,5,approved
1764045883.7584808,FILLED,10,SELL,269.1300048828125,5,"fill_price=269.1300048828125, fill_qty=5"
1764045883.7613637,SENT,11,BUY,267.8799133300781,5,approved
1764045883.7614803,FILLED,11,BUY,267.8799133300781,5,"fill_price=267.8799133300781, fill_qty=2"
1764045883.7632513,SENT,12,SELL,269.0899963378906,5,approved
1764045883.763345,FILLED,12,SELL,269.0899963378906,5,"fill_price=269.0899963378906, fill_qty=2"
1764045883.7639687,SENT,13,BUY,269.32000732421875,5,approved
1764045883.7640424,FILLED,13,BUY,269.32000732421875,5,"fill_price=269.32000732421875, fill_qty=2"
1764045883.7644603,SENT,14,SELL,268.6600036621094,5,approved
1764045883.7645397,FILLED,14,SELL,268.6600036621094,5,"fill_price=268.6600036621094, fill_qty=5"
1764045883.7665799,SENT,15,BUY,267.82000732421875,5,approved
1764045883.7670264,SENT,16,SELL,267.489990234375,5,approved
1764045883.7671165,FILLED,16,SELL,267.489990234375,5,"fill_price=267.489990234375, fill_qty=5"
1764045883.7719486,SENT,17,BUY,266.44000244140625,5,approved
1764045883.7720985,FILLED,17,BUY,266.44000244140625,5,"fill_price=266.44000244140625, fill_qty=5"
1764045883.774223,SENT,18,SELL,266.81500244140625,5,approved
1764045883.7755294,SENT,19,BUY,267.4345092773437,5,approved
1764045883.7756238,FILLED,19,BUY,267.4345092773437,5,"fill_price=267.4345092773437, fill_qty=5"
1764045883.7766309,SENT,20,SELL,266.8999938964844,5,approved
1764045883.7775183,SENT,21,BUY,267.2200012207031,5,approved
1764045883.7776022,FILLED,21,BUY,267.2200012207031,5,"fill_price=267.2200012207031, fill_qty=5"
1764045883.7797668,SENT,22,SELL,267.510009765625,5,approved
1764045883.7806897,SENT,23,BUY,268.0105895996094,5,approved
1764045883.7819858,SENT,24,SELL,268.1700134277344,5,approved
1764045883.7820764,FILLED,24,SELL,268.1700134277344,5,"fill_price=268.1700134277344, fill_qty=2"
1764045883.7824633,SENT,25,BUY,268.6199951171875,5,approved
1764045883.7825413,FILLED,25,BUY,268.6199951171875,5,"fill_price=268.6199951171875, fill_qty=5"
1764045883.7838387,SENT,26,SELL,268.3575134277344,5,approved
1764045883.783929,FILLED,26,SELL,268.3575134277344,5,"fill_price=268.3575134277344, fill_qty=2"
1764045883.7853155,SENT,27,BUY,268.5849914550781,5,approved
1764045883.7853944,FILLED,27,BUY,268.5849914550781,5,"fill_price=268.5849914550781, fill_qty=5"
1764045883.7878742,SENT,28,SELL,268.2099914550781,5,approved
1764045883.7880487,FILLED,28,SELL,268.2099914550781,5,"fill_price=268.2099914550781, fill_qty=5"
1764045883.7897053,SENT,29,BUY,268.4849853515625,5,approved
1764045883.791782,SENT,30,SELL,271.0852966308594,5,approved
1764045883.793791,SENT,31,BUY,270.0935974121094,5,approved
1764045883.7947946,SENT,32,SELL,269.9049987792969,5,approved
1764045883.794895,FILLED,32,SELL,269.9049987792969,5,"fill_price=269.9049987792969, fill_qty=2"
1764045883.7956562,SENT,33,BUY,270.2164001464844,5,approved
1764045883.7957332,FILLED,33,BUY,270.2164001464844,5,"fill_price=270.2164001464844, fill_qty=2"
1764045883.7962308,SENT,34,SELL,269.7349853515625,5,approved
1764045883.7963042,FILLED,34,SELL,269.7349853515625,5,"fill_price=269.7349853515625, fill_qty=2"
1764045883.796498,SENT,35,BUY,270.29998779296875,5,approved
1764045883.7965963,FILLED,35,BUY,270.29998779296875,5,"fill_price=270.29998779296875, fill_qty=2"
1764045883.7977989,SENT,36,SELL,270.5299987792969,5,approved
1764045883.7978787,FILLED,36,SELL,270.5299987792969,5,"fill_price=270.5299987792969, fill_qty=5"
1764045883.7985432,SENT,37,BUY,270.7799987792969,5,approved
1764045883.798613,FILLED,37,BUY,270.7799987792969,5,"fill_price=270.7799987792969, fill_qty=2"
1764045883.8000686,SENT,38,SELL,270.4974060058594,5,approved
1764045883.800163,FILLED,38,SELL,270.4974060058594,5,"fill_price=270.4974060058594, fill_qty=5"
1764045883.8013344,SENT,39,BUY,269.840087890625,5,approved
1764045883.8014102,FILLED,39,BUY,269.840087890625,5,"fill_price=269.840087890625, fill_qty=2"
1764045883.8031123,SENT,40,SELL,269.7651062011719,5,approved
1764045883.8032844,FILLED,40,SELL,269.7651062011719,5,"fill_price=269.7651062011719, fill_qty=5"
1764045883.8049915,SENT,41,BUY,273.32000732421875,5,approved
1764045883.8051226,FILLED,41,BUY,273.32000732421875,5,"fill_price=273.32000732421875, fill_qty=5"
1764045883.8064108,SENT,42,SELL,274.24249267578125,5,approved
1764045883.8074915,SENT,43,BUY,274.2491149902344,5,approved
1764045883.8075929,FILLED,43,BUY,274.2491149902344,5,"fill_price=274.2491149902344, fill_qty=2"
1764045883.8081439,SENT,44,SELL,273.6300048828125,5,approved
1764045883.8082228,FILLED,44,SELL,273.6300048828125,5,"fill_price=273.6300048828125, fill_qty=2"
1764045883.812857,SENT,45,BUY,268.44000244140625,5,approved
1764045883.812982,FILLED,45,BUY,268.44000244140625,5,"fill_price=268.44000244140625, fill_qty=5"
1764045883.813968,SENT,46,SELL,267.7300109863281,5,approved
1764045883.8140495,FILLED,46,SELL,267.7300109863281,5,"fill_price=267.7300109863281, fill_qty=5"
1764045883.8154294,SENT,47,BUY,267.4100036621094,5,approved
1764045883.8155217,FILLED,47,BUY,267.4100036621094,5,"fill_price=267.4100036621094, fill_qty=5"
1764045883.817049,SENT,48,SELL,267.0899963378906,5,approved
1764045883.817129,FILLED,48,SELL,267.0899963378906,5,"fill_price=267.0899963378906, fill_qty=2"
1764045883.817865,SENT,49,BUY,267.69000244140625,5,approved
1764045883.8179436,FILLED,49,BUY,267.69000244140625,5,"fill_price=267.69000244140625, fill_qty=5"
1764045883.8181884,SENT,50,SELL,267.0050048828125,5,approved
1764045883.8182673,FILLED,50,SELL,267.0050048828125,5,"fill_price=267.0050048828125, fill_qty=2"
1764045883.819566,SENT,51,BUY,266.965087890625,5,approved
1764045883.8197517,FILLED,51,BUY,266.965087890625,5,"fill_price=266.965087890625, fill_qty=2"
1764045883.8215315,SENT,52,SELL,268.239990234375,5,approved
1764045883.8217447,FILLED,52,SELL,268.239990234375,5,"fill_price=268.239990234375, fill_qty=5"
1764045883.8223894,SENT,53,BUY,269.2699890136719,5,approved
1764045883.8225214,FILLED,53,BUY,269.2699890136719,5,"fill_price=269.2699890136719, fill_qty=5"
1764045883.8254673,SENT,54,SELL,270.5,5,approved
1764045883.8255746,FILLED,54,SELL,270.5,5,"fill_price=270.5, fill_qty=2"
1764045883.8264778,SENT,55,BUY,270.8399963378906,5,approved
1764045883.8274019,SENT,56,SELL,270.4200134277344,5,approved
1764045883.8279212,SENT,57,BUY,271.1400146484375,5,approved
1764045883.8280008,FILLED,57,BUY,271.1400146484375,5,"fill_price=271.1400146484375, fill_qty=2"
1764045883.829119,SENT,58,SELL,270.6700134277344,5,approved
1764045883.8299062,SENT,59,BUY,270.7799987792969,5,approved
1764045883.8299773,FILLED,59,BUY,270.7799987792969,5,"fill_price=270.7799987792969, fill_qty=5"
1764045883.8320491,REJECTED,60,SELL,272.6600036621094,5,risk_limit
1764045883.835146,REJECTED,61,BUY,273.1700134277344,5,risk_limit
1764045883.8360054,REJECTED,62,SELL,273.489990234375,5,risk_limit
1764045883.8378317,REJECTED,63,BUY,273.79998779296875,5,risk_limit
1764045883.8413432,REJECTED,64,SELL,274.94000244140625,5,risk_limit
1764045883.8421757,REJECTED,65,BUY,275.0350036621094,5,risk_limit
1764045883.8461692,REJECTED,66,SELL,276.0299987792969,5,risk_limit
1764045883.8464653,REJECTED,67,BUY,276.3299865722656,5,risk_limit
1764045883.8472676,REJECTED,68,SELL,276.0599975585937,5,risk_limit
1764045883.8484302,REJECTED,69,BUY,276.27398681640625,5,risk_limit
1764045883.8500896,REJECTED,70,SELL,275.69000244140625,5,risk_limit
1764045898.3672132,SENT,0,SELL,270.5799865722656,5,approved
1764045898.3673654,FILLED,0,SELL,270.5799865722656,5,"fill_price=270.5799865722656, fill_qty=2"
1764045898.368286,SENT,1,BUY,271.6700134277344,5,approved
1764045898.368409,FILLED,1,BUY,271.6700134277344,5,"fill_price=271.6700134277344, fill_qty=2"
1764045898.3714955,SENT,2,SELL,273.9649963378906,5,approved
1764045898.3716116,FILLED,2,SELL,273.9649963378906,5,"fill_price=273.9649963378906, fill_qty=2"
1764045898.372437,SENT,3,BUY,274.4849853515625,5,approved
1764045898.3725162,FILLED,3,BUY,274.4849853515625,5,"fill_price=274.4849853515625, fill_qty=2"
1764045898.3729742,SENT,4,SELL,273.760009765625,5,approved
1764045898.3730483,FILLED,4,SELL,273.760009765625,5,"fill_price=273.760009765625, fill_qty=2"
1764045898.3738258,SENT,5,BUY,274.489990234375,5,approved
1764045898.373904,FILLED,5,BUY,274.489990234375,5,"fill_price=274.489990234375, fill_qty=2"
1764045898.3759227,SENT,6,SELL,275.4750061035156,5,approved
1764045898.3760188,FILLED,6,SELL,275.4750061035156,5,"fill_price=275.4750061035156, fill_qty=2"
1764045898.3810577,SENT,7,BUY,274.2250061035156,5,approved
1764045898.381327,SENT,8,SELL,273.80499267578125,5,approved
1764045898.3813658,FILLED,8,SELL,273.80499267578125,5,"fill_price=273.80499267578125, fill_qty=2"
1764045898.3891826,SENT,9,BUY,270.239990234375,5,approved
1764045898.3917778,SENT,10,SELL,269.1300048828125,5,approved
1764045898.391896,FILLED,10,SELL,269.1300048828125,5,"fill_price=269.1300048828125, fill_qty=2"
1764045898.3954053,SENT,11,BUY,267.8799133300781,5,approved
1764045898.3955302,FILLED,11,BUY,267.8799133300781,5,"fill_price=267.8799133300781, fill_qty=5"
1764045898.3972762,SENT,12,SELL,269.0899963378906,5,approved
1764045898.3973584,FILLED,12,SELL,269.0899963378906,5,"fill_price=269.0899963378906, fill_qty=2"
1764045898.3980954,SENT,13,BUY,269.32000732421875,5,approved
1764045898.3985145,SENT,14,SELL,268.6600036621094,5,approved
1764045898.3985891,FILLED,14,SELL,268.6600036621094,5,"fill_price=268.6600036621094, fill_qty=2"
1764045898.4006753,SENT,15,BUY,267.82000732421875,5,approved
1764045898.4011545,SENT,16,SELL,267.489990234375,5,approved
1764045898.4012268,FILLED,16,SELL,267.489990234375,5,"fill_price=267.489990234375, fill_qty=5"
1764045898.4040942,SENT,17,BUY,266.44000244140625,5,approved
1764045898.40425,FILLED,17,BUY,266.44000244140625,5,"fill_price=266.44000244140625, fill_qty=2"
1764045898.4066014,SENT,18,SELL,266.81500244140625,5,approved
1764045898.4079201,SENT,19,BUY,267.4345092773437,5,approved
1764045898.408987,SENT,20,SELL,266.8999938964844,5,approved
1764045898.4090815,FILLED,20,SELL,266.8999938964844,5,"fill_price=266.8999938964844, fill_qty=5"
1764045898.409882,SENT,21,BUY,267.2200012207031,5,approved
1764045898.4123583,SENT,22,SELL,267.510009765625,5,approved
1764045898.4124916,FILLED,22,SELL,267.510009765625,5,"fill_price=267.510009765625, fill_qty=2"
1764045898.413596,SENT,23,BUY,268.0105895996094,5,approved
1764045898.4151106,SENT,24,SELL,268.1700134277344,5,approved
1764045898.4156313,SENT,25,BUY,268.6199951171875,5,approved
1764045898.4169862,SENT,26,SELL,268.3575134277344,5,approved
1764045898.4171226,FILLED,26,SELL,268.3575134277344,5,"fill_price=268.3575134277344, fill_qty=5"
1764045898.4188147,SENT,27,BUY,268.5849914550781,5,approved
1764045898.4208057,SENT,28,SELL,268.2099914550781,5,approved
1764045898.4209328,FILLED,28,SELL,268.2099914550781,5,"fill_price=268.2099914550781, fill_qty=2"
1764045898.422676,SENT,29,BUY,268.4849853515625,5,approved
1764045898.4249544,SENT,30,SELL,271.0852966308594,5,approved
1764045898.425109,FILLED,30,SELL,271.0852966308594,5,"fill_price=271.0852966308594, fill_qty=2"
1764045898.4275944,SENT,31,BUY,270.0935974121094,5,approved
1764045898.427715,FILLED,31,BUY,270.0935974121094,5,"fill_price=270.0935974121094, fill_qty=2"
1764045898.4286408,SENT,32,SELL,269.9049987792969,5,approved
1764045898.4287128,FILLED,32,SELL,269.9049987792969,5,"fill_price=269.9049987792969, fill_qty=5"
1764045898.4294076,SENT,33,BUY,270.2164001464844,5,approved
1764045898.4294755,FILLED,33,BUY,270.2164001464844,5,"fill_price=270.2164001464844, fill_qty=5"
1764045898.4299958,SENT,34,SELL,269.7349853515625,5,approved
1764045898.4300687,FILLED,34,SELL,269.7349853515625,5,"fill_price=269.7349853515625, fill_qty=5"
1764045898.430322,SENT,35,BUY,270.29998779296875,5,approved
1764045898.430394,FILLED,35,BUY,270.29998779296875,5,"fill_price=270.29998779296875, fill_qty=2"
1764045898.4316823,SENT,36,SELL,270.5299987792969,5,approved
1764045898.4325252,SENT,37,BUY,270.7799987792969,5,approved
1764045898.4326022,FILLED,37,BUY,270.7799987792969,5,"fill_price=270.7799987792969, fill_qty=2"
1764045898.434025,SENT,38,SELL,270.4974060058594,5,approved
1764045898.4340987,FILLED,38,SELL,270.4974060058594,5,"fill_price=270.4974060058594, fill_qty=2"
1764045898.4354773,SENT,39,BUY,269.840087890625,5,approved
1764045898.435582,FILLED,39,BUY,269.840087890625,5,"fill_price=269.840087890625, fill_qty=2"
1764045898.4369917,SENT,40,SELL,269.7651062011719,5,approved
1764045898.4371114,FILLED,40,SELL,269.7651062011719,5,"fill_price=269.7651062011719, fill_qty=2"
1764045898.4381704,SENT,41,BUY,273.32000732421875,5,approved
1764045898.4394665,SENT,42,SELL,274.24249267578125,5,approved
1764045898.4404833,SENT,43,BUY,274.2491149902344,5,approved
1764045898.4405637,FILLED,43,BUY,274.2491149902344,5,"fill_price=274.2491149902344, fill_qty=2"
1764045898.441118,SENT,44,SELL,273.6300048828125,5,approved
1764045898.4411914,FILLED,44,SELL,273.6300048828125,5,"fill_price=273.6300048828125, fill_qty=2"
1764045898.4466558,SENT,45,BUY,268.44000244140625,5,approved
1764045898.446866,FILLED,45,BUY,268.44000244140625,5,"fill_price=268.44000244140625, fill_qty=2"
1764045898.4480019,SENT,46,SELL,267.7300109863281,5,approved
1764045898.4480853,FILLED,46,SELL,267.7300109863281,5,"fill_price=267.7300109863281, fill_qty=5"
1764045898.449384,SENT,47,BUY,267.4100036621094,5,approved
1764045898.45108,SENT,48,SELL,267.0899963378906,5,approved
1764045898.4511778,FILLED,48,SELL,267.0899963378906,5,"fill_price=267.0899963378906, fill_qty=5"
1764045898.451921,SENT,49,BUY,267.69000244140625,5,approved
1764045898.4519973,FILLED,49,BUY,267.69000244140625,5,"fill_price=267.69000244140625, fill_qty=2"
1764045898.4522443,SENT,50,SELL,267.0050048828125,5,approved
1764045898.453594,SENT,51,BUY,266.965087890625,5,approved
1764045898.4547932,SENT,52,SELL,268.239990234375,5,approved
1764045898.4549038,FILLED,52,SELL,268.239990234375,5,"fill_price=268.239990234375, fill_qty=2"
1764045898.45522,SENT,53,BUY,269.2699890136719,5,approved
1764045898.4580934,SENT,54,SELL,270.5,5,approved
1764045898.458172,FILLED,54,SELL,270.5,5,"fill_price=270.5, fill_qty=5"
1764045898.4595633,SENT,55,BUY,270.8399963378906,5,approved
1764045898.460465,SENT,56,SELL,270.4200134277344,5,approved
1764045898.4609928,SENT,57,BUY,271.1400146484375,5,approved
1764045898.461094,FILLED,57,BUY,271.1400146484375,5,"fill_price=271.1400146484375, fill_qty=5"
1764045898.4622273,SENT,58,SELL,270.6700134277344,5,approved
1764045898.462307,FILLED,58,SELL,270.6700134277344,5,"fill_price=270.6700134277344, fill_qty=2"
1764045898.4631941,SENT,59,BUY,270.7799987792969,5,approved
1764045898.463289,FILLED,59,BUY,270.7799987792969,5,"fill_price=270.7799987792969, fill_qty=2"
1764045898.465303,REJECTED,60,SELL,272.6600036621094,5,risk_limit
1764045898.468417,REJECTED,61,BUY,273.1700134277344,5,risk_limit
1764045898.4693422,REJECTED,62,SELL,273.489990234375,5,risk_limit
1764045898.4701405,REJECTED,63,BUY,273.79998779296875,5,risk_limit
1764045898.4731658,REJECTED,64,SELL,274.94000244140625,5,risk_limit
1764045898.4740112,REJECTED,65,BUY,275.0350036621094,5,risk_limit
1764045898.4782808,REJECTED,66,SELL,276.0299987792969,5,risk_limit
1764045898.478616,REJECTED,67,BUY,276.3299865722656,5,risk_limit
1764045898.4794471,REJECTED,68,SELL,276.0599975585937,5,risk_limit
1764045898.480638,REJECTED,69,BUY,276.27398681640625,5,risk_limit
1764045898.4823573,REJECTED,70,SELL,275.69000244140625,5,risk_limit
